Barcode,Cluster
AAACAGCCAACAGGTG-1,3
AAACATGCAACAACAA-1,5
AAACATGCACCTGGTG-1,2
AAACCAACACAGCCTG-1,3
AAACCAACAGCAAGAT-1,2
AAACCAACATTGCGAC-1,3
AAACCGAAGCACAGCC-1,2
AAACCGCGTAATTAGC-1,1
AAACCGCGTCACGAAC-1,6
AAACCGGCAGAGGGAG-1,2
AAACCGGCAGGGAGGA-1,1
AAACCGGCATAAAGCA-1,2
AAACCGGCATGAGCAG-1,6
AAACGCGCACACTAAT-1,4
AAACGCGCACCAACCG-1,5
AAACGCGCATAGTCAT-1,3
AAACGCGCATTCAGCA-1,7
AAACGGATCAGCACCA-1,7
AAACGTACAACAGGAT-1,3
AAACGTACATTCAGCA-1,7
AAAGCACCATGTCAGC-1,3
AAAGCCCGTATTGCAG-1,3
AAAGCCCGTGATTTGG-1,1
AAAGCCGCATAGCAGG-1,6
AAAGCGGGTCCGGTTC-1,2
AAAGCTTGTACTTCAC-1,8
AAAGCTTGTAGGTTTG-1,3
AAAGCTTGTGCATCGG-1,5
AAAGCTTGTTTGCAGA-1,3
AAAGGACGTGTAATAC-1,6
AAAGGACGTTATAGCG-1,5
AAAGGAGCAAACGCGA-1,2
AAAGGAGCAACAGGAT-1,8
AAAGGAGCAGTAGGAT-1,3
AAAGGAGCATTAGCCA-1,2
AAAGGCTCACAATGCC-1,7
AAAGGTTAGCAAGACA-1,2
AAATCCGGTATTTGGG-1,6
AAATCCGGTGCACGCA-1,3
AAATGCCTCCTTCAAT-1,1
AAATGGCCAATAGCAA-1,4
AAATGGCCAATAGTCT-1,5
AAATGGCCATTATGAC-1,6
AACAAAGGTATTGGTG-1,2
AACAAGCCAATAATGG-1,4
AACAAGCCACGTGCTG-1,3
AACAGATAGCAAACCT-1,5
AACAGCAAGAGAGGCT-1,7
AACAGCAAGCATGAAG-1,4
AACAGGATCTCGCCTG-1,1
AACATAGCAAGGTAAC-1,2
AACATAGCAGCACGAA-1,1
AACATAGCATTGCGGT-1,4
AACATCATCATTACTC-1,1
AACATCATCCGCACAA-1,2
AACATTGTCCTTGCGT-1,5
AACCCGCAGGGCTTAT-1,2
AACCCGCAGTAACAGG-1,7
AACCCGCAGTCCTGAG-1,6
AACCGCTCAAGGTCCT-1,5
AACCGCTCAAGGTCGA-1,5
AACCGCTCAGGTTACC-1,4
AACCGGCTCAACCAAC-1,6
AACCTAATCACTCGCT-1,1
AACCTAATCGCGCTAA-1,2
AACCTAATCGCTAAAC-1,4
AACCTCACAACAGGTG-1,8
AACCTCACAATAATGG-1,4
AACCTCACACTTAGGC-1,2
AACCTCACATAATCCG-1,1
AACCTCCTCGTTAGTA-1,8
AACCTTAAGCAACAAG-1,2
AACCTTAAGGACCAGG-1,3
AACCTTAAGGTGAAAT-1,8
AACCTTGCAATTAGGA-1,1
AACGCTAGTATTCGCT-1,4
AACGCTAGTCCTAGTT-1,1
AACGCTAGTTAACGGC-1,2
AACTACTCAATATGGA-1,1
AACTACTCACGTGCTG-1,3
AACTACTCAGGCCATT-1,5
AACTAGCTCCCGTTGT-1,3
AACTAGCTCGCATCCT-1,5
AACTAGTGTCAAAGGG-1,5
AACTGTTCAAGGTACG-1,1
AACTGTTCATAAGTCT-1,4
AACTGTTCATCCCGCT-1,4
AACTTAGTCACAGACT-1,4
AACTTAGTCACTAGGT-1,2
AAGAACAGTCAGTAAT-1,7
AAGAACAGTCCGTGAG-1,5
AAGAATCAGAGAAGGG-1,4
AAGACAAGTAATAGCT-1,1
AAGACAAGTGATCAGC-1,1
AAGACATAGAGGAGGA-1,3
AAGACATAGGTTAGCT-1,2
AAGACATAGTTAGCCG-1,7
AAGACATAGTTTCCTG-1,4
AAGCAAGTCCACAATA-1,1
AAGCATGAGGCTAAGA-1,2
AAGCCTGTCCGTCCAT-1,4
AAGCGAATCATAGCCG-1,6
AAGCGAATCATTACAG-1,2
AAGCGAATCTAACCTT-1,2
AAGCGAATCTAAGTCA-1,5
AAGCGCTGTCCAAGAC-1,5
AAGCGCTGTCCGGTTC-1,7
AAGCGGGTCACTTCAT-1,2
AAGCGTTTCATTACAG-1,7
AAGCGTTTCCAATAGC-1,7
AAGCTAGAGTTAGACC-1,4
AAGCTAGAGTTTGGTA-1,6
AAGCTTGGTACTTAGG-1,2
AAGCTTGGTAGCCTCC-1,2
AAGCTTGGTTCACCAT-1,1
AAGCTTGGTTCGGGAT-1,4
AAGGAAGCAACTAACT-1,2
AAGGAAGCAAGGTGCA-1,8
AAGGATCCAAACTCAT-1,2
AAGGATCCATGTCAGC-1,6
AAGGATGTCACTAATG-1,1
AAGGATGTCCGGAACC-1,3
AAGGATGTCTAGCGTG-1,5
AAGGCCCTCAGGCCTA-1,4
AAGGTATAGCTATATG-1,4
AAGGTCAAGCCGCTAA-1,1
AAGTAGCCACACCAAC-1,7
AAGTAGCCACGAATTT-1,5
AAGTAGCCAGGCTAGA-1,1
AAGTCTATCTAGCGTG-1,7
AAGTGAAGTACTGATG-1,6
AAGTGAAGTGCTTACT-1,2
AAGTGCAAGGCCCAGT-1,7
AAGTGTTGTACAATGT-1,3
AAGTTACGTCACAAAT-1,6
AAGTTAGCATTGTGAT-1,4
AAGTTTGTCAAACCTA-1,1
AAGTTTGTCACACAGT-1,1
AAGTTTGTCATAACTG-1,5
AATAACCGTATACTGG-1,5
AATAACCGTCACAAAT-1,1
AATACCGGTAACGAGG-1,3
AATACCGGTCAATGTG-1,3
AATAGAGGTCACAGCG-1,4
AATAGAGGTTAGTTGG-1,8
AATAGCTGTGTTTGCT-1,6
AATATCCCAATAGTCT-1,7
AATATCCCAGTTAAAG-1,2
AATATCCCATGTTGGC-1,5
AATCAGGAGGGCCACT-1,6
AATCATGTCCTCCCTC-1,8
AATCATGTCTGCAAAC-1,5
AATCCCTGTGGATTCA-1,1
AATCCCTGTTTGTTGC-1,5
AATCCGTAGTCGCAAT-1,3
AATCCTAAGCCTGTGA-1,8
AATCGCCCACAATTAC-1,3
AATCGCCCAGCCTAAC-1,1
AATCTCAAGACTTACA-1,4
AATCTCAAGTCATTAG-1,4
AATCTTGAGAGAAGGG-1,1
AATCTTGAGCACGTTG-1,6
AATGAAGGTGGACCTG-1,3
AATGCATGTAGCTGGT-1,3
AATGCATGTATTGCAG-1,1
AATGCATGTCATTAGG-1,6
AATGCATGTGCAACTA-1,5
AATGCATGTTTGTGGA-1,3
AATGCGCGTAGCTGGT-1,1
AATGCGCGTATTCGCT-1,2
AATGGCGCAAGGTGGC-1,7
AATGTCCAGAGCCGGA-1,7
AATGTCCAGGTTAGCT-1,7
AATGTCCAGTAAGTCC-1,4
AATTACCCACTGACTA-1,2
AATTAGCGTGTGAGAG-1,8
AATTAGGCATGAATAG-1,6
AATTCGTCAATTGCGC-1,6
AATTGACGTCAAGTGC-1,8
AATTGCCAGGAACACA-1,5
AATTGCCAGGCTAAGA-1,5
AATTGCCAGTAGGATG-1,7
AATTGCCAGTTAGCTA-1,8
AATTGGACAACTAGCC-1,8
AATTGTGTCCGCAAGC-1,6
AATTTCCTCAGCACGC-1,3
AATTTCCTCTCACATT-1,7
AATTTGCCAAACTGTT-1,5
AATTTGCCATCCGTAA-1,1
AATTTGGTCCGCCTCA-1,5
AATTTGGTCGTTCACC-1,2
ACAAACTGTTCAAGAT-1,3
ACAAACTGTTCAAGCA-1,2
ACAAAGGTCTAACTGA-1,2
ACAACAACATCCCGCT-1,1
ACAACACTCAATCTCT-1,6
ACAACACTCATTACTC-1,6
ACAACACTCATTGACA-1,3
ACAACACTCGGCTATG-1,3
ACAACAGAGTGAAGTG-1,1
ACAACATGTGGACATC-1,1
ACAACATGTTTGTCTA-1,4
ACACAATGTCCTTCAG-1,6
ACACAATGTTAGCGTA-1,8
ACACCTTGTTACAACG-1,3
ACACCTTGTTCATTTG-1,1
ACACCTTGTTCCAGGG-1,1
ACACCTTGTTTATCTG-1,5
ACACGGACAGAATGAC-1,8
ACACGGACATTATGCG-1,3
ACACTAATCATTACAG-1,4
ACACTAATCTTGCAGG-1,6
ACACTAGGTCAAGTGC-1,4
ACACTAGGTGTGAGGA-1,3
ACACTAGGTTACATCC-1,7
ACACTTAAGGAAGCAC-1,3
ACACTTAAGGTGAAAT-1,1
ACACTTGCATTGACAT-1,5
ACACTTGCATTGTGGC-1,5
ACACTTGCATTTGCTC-1,1
ACAGCCGGTTAGCCAA-1,8
ACAGGAATCTGTGCCT-1,6
ACAGGATCAGATAGAC-1,4
ACAGGTAAGCTTTGGG-1,8
ACAGGTAAGGCAACAA-1,3
ACAGTATGTAACGTGC-1,8
ACATAGCTCGCAGGCT-1,2
ACATCAATCATGGCTG-1,1
ACATCAATCCAGGAAA-1,1
ACATCATCAAGGTCCT-1,1
ACATCATCACTGACCG-1,2
ACATTAGTCCACAATA-1,1
ACATTAGTCCCATAAA-1,7
ACATTAGTCCGCAAAT-1,1
ACCAAACTCGGCCATA-1,3
ACCAAGCGTCGCGCAA-1,5
ACCAAGTTCAATGAGG-1,2
ACCAAGTTCGCAACAT-1,3
ACCAATATCGATTCTT-1,6
ACCACACCAGCCTAAC-1,1
ACCACACCATAAAGCA-1,3
ACCACATAGCAGGTTT-1,4
ACCACATAGCGAGGTG-1,7
ACCACATAGGGTCCAC-1,3
ACCACATAGTTTGAGC-1,1
ACCAGGACACAAACTT-1,5
ACCAGGACAGCATGTC-1,2
ACCAGGGAGTCATTGA-1,5
ACCATAATCATGCAAC-1,1
ACCATAATCTTGAGGT-1,3
ACCATAATCTTTAGGA-1,7
ACCATTAAGCTAGAAG-1,3
ACCATTAAGCTTCTCA-1,2
ACCATTAAGGAGCAAC-1,4
ACCATTAAGTGAGAGC-1,2
ACCCAACCATAGTCAT-1,1
ACCCGCTGTAGCTGCG-1,3
ACCCGGTAGCGGATTT-1,6
ACCCGGTAGCGTGCAC-1,2
ACCCGTAAGAGCCGCT-1,2
ACCCGTAAGCAAGGAC-1,5
ACCCGTAAGTTATGTG-1,1
ACCGAAGCAGAAATGC-1,2
ACCGGCTAGCACGTTG-1,2
ACCGGCTAGGCGCACT-1,4
ACCTAAATCCAGGAAA-1,3
ACCTAAGGTCATCAAG-1,1
ACCTAAGGTGTTCCCA-1,8
ACCTCACTCCTGGTCT-1,7
ACCTGGATCGCTAAAC-1,2
ACCTGGATCGGCTAGC-1,1
ACCTGGTCAACATAAG-1,4
ACCTGGTCACTTCACT-1,8
ACCTGTTGTACCGGAT-1,3
ACCTGTTGTACGATTG-1,6
ACCTGTTGTTTAGCGA-1,2
ACCTTCATCATGCTTT-1,4
ACCTTCCAGGCAACAA-1,1
ACCTTGCTCATCCTAT-1,5
ACCTTGCTCTGTTGCC-1,1
ACCTTGTGTTAATCGG-1,6
ACGAACAAGGACCAGG-1,5
ACGAACAAGGCCGGAA-1,6
ACGAAGTCACTGACCG-1,2
ACGAATCTCAGGAAGC-1,6
ACGACAAAGAGGAGTC-1,7
ACGACAAAGCATTTCT-1,6
ACGACTTAGCACGTTG-1,4
ACGAGTAAGACTAAGG-1,5
ACGAGTAAGCCTGATG-1,3
ACGAGTAAGCGGATAA-1,6
ACGAGTAAGGGTCTAT-1,8
ACGAGTAAGGTTACAC-1,6
ACGATTCAGGCTGGCT-1,7
ACGCAAGCAACCCTCC-1,2
ACGCCACAGATTCCTT-1,2
ACGCCTAAGCGAGCGA-1,8
ACGCCTTTCCCGTTGT-1,6
ACGCCTTTCGACCTGA-1,2
ACGGTACGTTAGCAGC-1,2
ACGGTTTAGGACCTGC-1,2
ACGGTTTAGGGTGAAC-1,4
ACGTACCCAAATTGCT-1,6
ACGTACCCAATTAGCT-1,8
ACGTACCCATGTCGCG-1,1
ACGTCAAGTCCGCTGT-1,2
ACGTCAAGTCCTAAGA-1,5
ACGTCAAGTTATCCGT-1,6
ACGTCAAGTTCCGGGA-1,8
ACGTCCAAGGAGCAAC-1,4
ACGTTACAGATAAAGC-1,1
ACGTTACAGTTAGCCG-1,7
ACGTTGTAGGAACCAA-1,8
ACGTTGTAGGCTACTG-1,1
ACGTTGTAGTAACAGG-1,1
ACTAAAGCACTGACCG-1,2
ACTAACCAGCTAATCA-1,5
ACTAACCAGTTCCCAC-1,4
ACTAACGGTGATTTGG-1,4
ACTAACTCAATATACC-1,8
ACTAACTCATAGACCC-1,1
ACTATCCGTTGGATAT-1,4
ACTATGTCAAGTGTTT-1,5
ACTATGTCATTGTGTG-1,6
ACTCACCTCATAGCCG-1,7
ACTCACCTCCTTCAAT-1,1
ACTCACTGTACGCGCA-1,2
ACTCAGTAGGTTTGAC-1,4
ACTCCTCAGGCTCATG-1,5
ACTCGCGCATTGTCCT-1,3
ACTGAAACATGGCCCA-1,5
ACTGAAACATTAGCCA-1,1
ACTGAATGTCATCATC-1,3
ACTGAATGTCGTAATG-1,6
ACTGAATGTTCGGTAA-1,1
ACTTACAAGCTTAGTA-1,7
ACTTACTTCAAAGGCA-1,4
ACTTACTTCGATTTAG-1,4
ACTTACTTCGCACAAT-1,8
ACTTAGGGTACTGAAT-1,2
ACTTAGTCAAGGTACG-1,5
ACTTAGTCAATATAGG-1,2
ACTTAGTCAGAAATGC-1,7
ACTTATCTCACTTCAT-1,3
ACTTCGCTCAGTATTG-1,3
ACTTCGCTCATTATGG-1,8
ACTTGAATCATCCTGC-1,4
ACTTGAATCCCTCGCA-1,2
ACTTGCACAAGCTTAT-1,5
ACTTGCACAATAGTCT-1,3
ACTTGCACAGCAAGTG-1,5
ACTTGCACAGTTTACG-1,4
ACTTGTAAGTTATGTG-1,3
ACTTGTAAGTTCCCAC-1,6
ACTTTGTTCATGGTGT-1,2
ACTTTGTTCCCTCACG-1,7
ACTTTGTTCGCTTGCT-1,3
AGAAACCCAGCTTAGC-1,6
AGAAACCCAGGCATCT-1,3
AGAAACTAGCAAACCT-1,1
AGAAAGGCATGGCCCA-1,5
AGAACAAGTGAGCGAA-1,3
AGAACAAGTTGAGCCG-1,2
AGAACAAGTTGGTTCT-1,7
AGAACCAAGACACCGC-1,1
AGAACCAAGCCTGAGC-1,5
AGAACCAAGGCAACAA-1,1
AGAACCGCATCAATCG-1,2
AGAATCGAGCTTAGCG-1,8
AGAATCGAGGGTGGAT-1,5
AGAATCTGTTGTGACA-1,1
AGACAATAGGTTAGCT-1,6
AGACACGCAGGGAGCT-1,4
AGACCCGGTTGTCCAT-1,4
AGACTATGTCGCAAAC-1,2
AGACTATGTGAGGTAG-1,1
AGAGAAGCAACAGGTG-1,6
AGAGAGGAGCCGGTAC-1,7
AGAGAGGAGGAAGCTA-1,7
AGAGATTAGCATTAGC-1,6
AGAGGAACATGGAGGC-1,1
AGAGGATGTACTGATG-1,7
AGAGGATGTCCTCCAA-1,2
AGAGGATGTTACGCAA-1,1
AGAGGATGTTGGTGAC-1,2
AGAGGATGTTGGTTCT-1,8
AGATGAAGTCTCAGCC-1,8
AGATGAAGTGTTGTAG-1,6
AGATGAAGTTACCTGT-1,6
AGCAACAAGCCAGGTC-1,3
AGCAACAAGGCATTGT-1,3
AGCAACAAGTTCCTCA-1,1
AGCAAGGGTCGCAAAC-1,8
AGCAATACAGGCAAGC-1,2
AGCAATTGTCCTTTAA-1,5
AGCAATTGTGTAATAC-1,1
AGCAATTGTTTGACCT-1,3
AGCACAGCAAGCCACT-1,5
AGCACAGCATCGCTTT-1,2
AGCACTAGTAGGTGTC-1,2
AGCACTAGTGAGAAAC-1,2
AGCACTAGTTACATCC-1,6
AGCACTAGTTATCCTA-1,1
AGCACTTAGGATAAAC-1,4
AGCACTTAGGCTTAGT-1,6
AGCACTTAGTAAAGGT-1,2
AGCAGGTAGTTGGGCC-1,5
AGCATCCCAAGCGAGC-1,8
AGCCAGTGTTGCCTCA-1,6
AGCCGCTAGCAAGGGT-1,7
AGCCGCTAGCTGTACG-1,4
AGCCGGTTCTAAGTCA-1,4
AGCCGGTTCTTGACCC-1,3
AGCCTAAGTACCGTAA-1,3
AGCCTAAGTTCACCAT-1,3
AGCCTCCGTTACCTGT-1,1
AGCCTCCGTTTAAAGC-1,1
AGCCTGGGTAGTTACG-1,4
AGCCTGGGTGTCACGG-1,3
AGCCTGGGTTAGCCAA-1,2
AGCCTGGGTTGGGTTA-1,5
AGCGATTTCACAAGCT-1,5
AGCGATTTCAGGCCTA-1,6
AGCGATTTCCACCCTG-1,8
AGCGCCTAGGTTACGT-1,7
AGCGCTCAGTCACCAG-1,1
AGCGGATAGTAAGTGG-1,6
AGCTAAACAGCAAGTG-1,4
AGCTAACTCAAATCGC-1,1
AGCTAACTCACCTGTC-1,7
AGCTAACTCTTGTCTG-1,4
AGCTACGTCAGGTTTA-1,3
AGCTACGTCCTCCATA-1,5
AGCTACGTCTACTAAG-1,7
AGCTACTAGACTTATG-1,2
AGCTACTAGGATCCGC-1,3
AGCTACTAGTTACCGG-1,7
AGCTATATCTCTAGCC-1,6
AGCTCATAGCAAGGGT-1,7
AGCTGCTCAGGCTAGA-1,3
AGCTTAATCAGGAAGC-1,1
AGCTTAATCCTTAGGG-1,1
AGCTTCCTCAACAAGG-1,2
AGCTTCCTCATTAGTG-1,3
AGCTTCCTCTGTAATG-1,3
AGCTTGGTCCCTCATA-1,6
AGCTTGGTCGGTTTCC-1,2
AGGAAACGTTTGCTGT-1,7
AGGAACCAGACTATTG-1,5
AGGAACCAGCGGGCAA-1,2
AGGAACCAGGTGAGAC-1,4
AGGAACCAGTAGCGCC-1,4
AGGACGTAGAAAGGAA-1,2
AGGACGTAGGACACTT-1,1
AGGAGCTAGGACCTTG-1,2
AGGAGCTAGGGCCATC-1,6
AGGAGCTAGTCATGCG-1,4
AGGATCCGTACCGGAT-1,3
AGGATCCGTCACGGAT-1,4
AGGATCCGTGCTTACT-1,6
AGGATCCGTTAACGAT-1,6
AGGATCCGTTGTGATG-1,1
AGGATCCGTTGTTGTC-1,6
AGGATGCAGACTTATG-1,7
AGGATGTCACCTGTAA-1,4
AGGATGTCAGAGGGAG-1,4
AGGATGTCAGGAACCA-1,2
AGGATTGAGTCAATCA-1,4
AGGCAATCATCTAGCA-1,5
AGGCAGGTCACTAAGC-1,1
AGGCCCAGTGAACAAA-1,6
AGGCCCAGTGATGAGG-1,8
AGGCGGATCCATAATG-1,1
AGGCGGATCTAACTGA-1,8
AGGCTAAAGCACAGGG-1,2
AGGCTAAAGGGCCATC-1,2
AGGCTAGCAGGACCTT-1,3
AGGGCCTTCACTCGCT-1,7
AGGGCTACAATCCTAG-1,7
AGGGTTGCATAATGTC-1,7
AGGTACGCATTATGAC-1,2
AGGTATTGTGGACATC-1,2
AGGTCAAAGTCATGCG-1,2
AGGTCATTCAGGGCCT-1,4
AGGTCATTCCCTCACG-1,5
AGGTCATTCGAGCTAT-1,1
AGGTCATTCTCATCAT-1,6
AGGTCCGGTCACAGCG-1,1
AGGTCCGGTGTGCACG-1,4
AGGTCCGGTTAGCAGC-1,4
AGGTCCGGTTGGTTAG-1,4
AGGTCCGGTTTGTTGC-1,2
AGGTCTTAGCCACAAT-1,1
AGGTCTTAGTTGCGTG-1,7
AGGTGAATCTTGGATA-1,1
AGGTGAGGTTTGGCGG-1,4
AGGTTAACATCAGCAC-1,3
AGGTTAACATGCTATG-1,6
AGGTTACTCAATAGCC-1,8
AGGTTAGAGCATTATG-1,1
AGGTTAGAGTCCTTTG-1,6
AGGTTGCGTCATTAGG-1,1
AGGTTGCGTTACTTCA-1,6
AGGTTTATCATTGCGG-1,3
AGTAAACAGGAACGCG-1,3
AGTAACACAAGCCAGA-1,5
AGTAACGAGCTTATGA-1,2
AGTAACGAGTCTCACC-1,6
AGTAATCGTCATCAAG-1,7
AGTAATCGTGGATGTC-1,2
AGTAATGCAAGGAATC-1,1
AGTAGGATCGGGATTT-1,5
AGTCAAGAGCTAAGTC-1,3
AGTCAAGAGTACTGGT-1,5
AGTCAAGAGTTAACCA-1,7
AGTCAATGTTCACCCA-1,6
AGTCAGGCAATATGGA-1,1
AGTCAGGCAGGATTAA-1,7
AGTCCTGAGGGACGCA-1,2
AGTCCTGAGTGGCGGA-1,4
AGTCCTTGTCCACAAA-1,3
AGTCCTTGTGTTTCAC-1,6
AGTGAGTCAAGTCGCT-1,4
AGTGAGTCAGGACCTT-1,8
AGTGCACGTCCTAAGA-1,5
AGTGCCGGTTTGGCTT-1,7
AGTGCGGAGGTAAGGC-1,7
AGTGTGGCACTTGTTC-1,5
AGTGTTTCACCTAAGC-1,7
AGTTACATCAAACACC-1,1
AGTTACATCTGTTGCC-1,2
AGTTACTCAAACTCAT-1,5
AGTTACTCACAATTAC-1,1
AGTTACTCATCCTGAA-1,7
AGTTATGTCATTGTTC-1,1
AGTTGCAGTGGTTAGC-1,5
AGTTGCGTCATGGCTG-1,2
AGTTGGCGTGTTCCCA-1,8
AGTTGGCGTTAACGAT-1,8
AGTTTGATCCTCGATC-1,4
AGTTTGCAGGAGGGTT-1,3
ATAACGACAGCACGAA-1,3
ATAAGCCTCCTCCTAA-1,7
ATAAGTCGTTGAATCG-1,8
ATAATGGCAAAGCGCA-1,4
ATAATGGCACCTGCTC-1,6
ATAATGGCATTAAACC-1,7
ATACCGGTCGCCTGTT-1,4
ATACCTGCAAAGCGCA-1,6
ATACCTGCAATTAAGG-1,4
ATAGATGCACTTCACT-1,7
ATAGCATGTTGAGCCG-1,5
ATAGGTACACATAACT-1,6
ATAGGTACACGTGCTG-1,6
ATATGCATCCTAATGA-1,3
ATATGCTCAAGTGTCC-1,5
ATATGCTCACAGACTC-1,1
ATATGCTCAGAAACGT-1,3
ATATGGTGTGCAATGC-1,5
ATATGGTGTGCCGCAA-1,2
ATATGTCCAAGGAATC-1,5
ATATGTCCACTTAGGC-1,5
ATATGTCCATAATCCG-1,3
ATCAAGACACTTACAG-1,1
ATCAAGACAGCATGTC-1,2
ATCAAGCTCAAGTGAG-1,8
ATCAAGCTCACTCGCT-1,2
ATCAAGCTCAGAAACG-1,6
ATCAAGCTCATGGTTA-1,4
ATCAAGCTCCGCTAGA-1,8
ATCAATCCAACAGGTG-1,7
ATCAATCCAACTAGCC-1,6
ATCACAATCCAGGAAA-1,6
ATCACACAGCATGACT-1,2
ATCACACAGGCAAGTA-1,6
ATCACACAGGCGAAAC-1,2
ATCACCCTCGTTTCCA-1,3
ATCATGTCAATTAGCT-1,2
ATCCAACAGCAAGGGT-1,7
ATCCAACAGCTGTCAG-1,3
ATCCACCTCCAAGTTA-1,1
ATCCACCTCCCGCCTA-1,3
ATCCACCTCCGCATGA-1,1
ATCCACCTCTTAGCCC-1,3
ATCCATAAGCACAGGG-1,6
ATCCATAAGTCACCAG-1,8
ATCCGTGAGCCGCTTT-1,2
ATCCGTGAGCTAATCA-1,3
ATCCTCATCATGCGTG-1,3
ATCCTCATCGATTTGA-1,1
ATCCTCATCTTAATGG-1,4
ATCCTGACAAATACCT-1,7
ATCCTGACATAGACTT-1,3
ATCCTGACATCGTTCT-1,1
ATCCTTAGTACGATTG-1,3
ATCGAGGCAAGACTCC-1,3
ATCGAGGCACTAGCGT-1,2
ATCGCCCGTGGAGCAA-1,5
ATCGCTTGTGAATCGC-1,3
ATCGCTTGTGTGTGGT-1,5
ATCGCTTGTTACTAGG-1,4
ATCGGCCAGTTATCTC-1,2
ATCGGCCAGTTCCCGT-1,6
ATCTATGAGGTGCGGA-1,1
ATCTATGAGTAGGCGG-1,5
ATCTTTGGTGGGTGAA-1,4
ATCTTTGGTTAAGGCC-1,4
ATGAAGCCAAGGTATA-1,3
ATGAAGTAGCTTATGA-1,6
ATGAAGTAGTATGTGC-1,1
ATGAATGCACCTGCTC-1,8
ATGAATGCAGCAAGGC-1,7
ATGAATGCATTGTGAT-1,1
ATGACAACAGCAACAG-1,6
ATGACAACAGTCTAAT-1,7
ATGACCAGTACAAAGA-1,1
ATGACCAGTACTGATG-1,8
ATGACCAGTCCGCTGT-1,1
ATGACCAGTTCCTGAT-1,7
ATGACGAAGCAACATC-1,3
ATGACGAAGGAGTCTT-1,2
ATGACTCAGCATGGTT-1,1
ATGACTCAGCTATGAC-1,6
ATGAGCCGTGCGCATG-1,2
ATGAGCCGTTAGACCA-1,4
ATGATGACAAGGTGGC-1,3
ATGATGACAGGCTTCG-1,5
ATGATGACATAGACCC-1,5
ATGATGGAGATTGAGG-1,2
ATGATGGAGCAAGGGT-1,4
ATGATGGAGCATGTCG-1,1
ATGATGGAGGGCCACT-1,4
ATGCAGGCATCCCTCA-1,1
ATGCAGGCATTAAGCT-1,6
ATGCCTGAGCGGTTAT-1,1
ATGCCTGAGTAAAGGT-1,4
ATGCGATTCTTCAATC-1,3
ATGCTTAAGCTTCTCA-1,4
ATGCTTAAGGCCTGGT-1,1
ATGGACAAGTTCCCAC-1,7
ATGGCCCAGTAAAGGT-1,4
ATGGCCGGTCCAAATG-1,2
ATGGCCGGTTGCGCGA-1,1
ATGGCTAGTAATCGTG-1,5
ATGGCTGTCCACCTGT-1,6
ATGGCTTAGTTTGAGC-1,1
ATGGTCTAGGCGCTAC-1,5
ATGGTCTAGTGGACAA-1,5
ATGGTGCGTTTCCTCC-1,4
ATGGTTATCTCCATAT-1,4
ATGTAACGTACGTTTC-1,3
ATGTAACGTCCTAGTT-1,4
ATGTAACGTTAGAGCC-1,8
ATGTAAGCAAAGCTCC-1,6
ATGTAAGCACACTAAT-1,7
ATGTAAGCACTATGGC-1,6
ATGTCAATCATGCATA-1,5
ATGTCATCAAGTGTCC-1,5
ATGTCATCACCAGGTT-1,2
ATGTCATCATTGACAT-1,5
ATGTCCACATGTGGGA-1,1
ATGTGAGAGTTTGCGG-1,1
ATGTTCAAGACAAACG-1,4
ATGTTGTCAACAGGAT-1,1
ATGTTGTCATTATGAC-1,6
ATGTTTGAGCGGGCAA-1,7
ATGTTTGAGTCATGCG-1,2
ATTAACCCAATTAGCT-1,4
ATTAACCCACTTCACT-1,5
ATTACCCGTCAGTAAT-1,1
ATTACGTCACAACAAA-1,8
ATTACGTCATGAGCAG-1,5
ATTACTGAGGGCTAAA-1,8
ATTAGCTCAGCACGAA-1,3
ATTAGCTCAGGCCATT-1,7
ATTAGTCCATTATGCG-1,4
ATTATCCTCCTCACTA-1,4
ATTATGGTCATAATCG-1,2
ATTATGGTCCCGCCTA-1,2
ATTCAACCAAGTGTCC-1,1
ATTCAACCACCGGCTA-1,4
ATTCAACCAGCCAGAA-1,2
ATTCAACCATACTCCT-1,4
ATTCACTTCACTAATG-1,5
ATTCCTAGTGGACATC-1,5
ATTCCTCCAATCCCTT-1,1
ATTCGTTTCATGCTAA-1,4
ATTCGTTTCGGCCAGT-1,7
ATTGAAGCAAGCTAAA-1,7
ATTGAAGCACTGGCCA-1,6
ATTGACTCAAATTCGT-1,4
ATTGACTCAACACTTG-1,1
ATTGACTCAAGGTGGC-1,5
ATTGACTCATTAGCCA-1,2
ATTGCACAGTGTGATC-1,8
ATTGCAGGTGCTTTAC-1,6
ATTGCAGGTTGTTGCT-1,6
ATTGCGCCAGCTAACC-1,1
ATTGCTCGTCATTAGG-1,5
ATTGCTCGTCCTAGTT-1,1
ATTGCTCGTGATTACG-1,2
ATTGGCTAGAAAGCAT-1,3
ATTGGCTAGGAGTAAT-1,8
ATTGGTTCAGCAAATA-1,3
ATTGTCCGTTAAGGCC-1,7
ATTGTCCGTTACATCC-1,2
ATTGTGATCCCTCACG-1,8
ATTGTGATCCTCGATC-1,6
ATTTAGCCATAAAGCA-1,5
ATTTAGCCATAGTCAT-1,8
ATTTAGGTCAATTGGC-1,3
ATTTAGGTCAGGTCCA-1,2
ATTTGCAAGCGAGCGA-1,5
ATTTGTGAGAGGAAGG-1,2
CAAACAACAAGGCCAA-1,5
CAAACAACATTAAGCT-1,4
CAAACACTCACCGGTA-1,6
CAAACACTCGCTCACT-1,7
CAAACATGTGTTGCTT-1,1
CAAACATGTTCAAGAT-1,4
CAAACCGTCGATTTAG-1,5
CAAACCGTCGCATTAA-1,8
CAAACCGTCTCACAAA-1,8
CAAACGCGTAAGGTCC-1,5
CAAACGCGTCAGGCCA-1,1
CAAACGCGTCCACAAA-1,6
CAAACTGGTACCGTAA-1,1
CAAACTGGTGATCAGC-1,1
CAAACTGGTTATAGCG-1,4
CAAACTGGTTTGACCT-1,2
CAAAGCGCAAGCGATG-1,2
CAAAGGATCAGCACGC-1,8
CAAAGGATCCGCCTCA-1,8
CAAAGGATCCTCACAC-1,7
CAAAGTGAGATTGAGG-1,8
CAAAGTGAGGCCTGGT-1,1
CAAAGTGAGTTATTCC-1,6
CAAATCATCATTATGG-1,3
CAAATCATCGGCCAGT-1,3
CAACAATGTCTAACCT-1,7
CAACAATGTGGATTAT-1,5
CAACCCGCACACTAAT-1,4
CAACCCTTCATTACTC-1,1
CAACCGGGTCAGGCAT-1,4
CAACCGGGTTATCCTA-1,8
CAACTAATCATGAAGG-1,5
CAACTAATCCCTCACG-1,4
CAACTAATCGGCTATG-1,1
CAACTAATCGTTAGCG-1,1
CAACTAGGTACAAAGA-1,2
CAACTAGGTACAATGT-1,2
CAACTAGGTCCTTCAG-1,6
CAACTAGGTGATTTGG-1,2
CAACTAGGTTGAATCG-1,7
CAACTAGGTTGTCCAT-1,5
CAAGAACCAATATAGG-1,5
CAAGCTAGTTATAGCG-1,1
CAAGGCCTCATTTAGG-1,8
CAAGGCCTCCGGAACC-1,1
CAAGGCTGTGGGAACA-1,7
CAAGGCTGTTAGGCTA-1,1
CAAGGGAGTTGCGGAT-1,3
CAAGGTAAGCAGGCCT-1,2
CAAGGTAAGTCAATCA-1,5
CAAGGTTTCAATTACG-1,6
CAAGTAACACAACCTA-1,2
CAAGTATGTAAGGTTT-1,2
CAAGTGAAGGAAACTG-1,3
CAAGTTATCAGCACCA-1,6
CAAGTTATCCTTAAGA-1,6
CAATAAGCAAACTGTT-1,1
CAATAAGCACTCGCTC-1,4
CAATAAGCATTGTGAT-1,6
CAATAGCTCGAGCTAT-1,3
CAATATGTCGAGCAAA-1,6
CAATCCCTCGGGATTT-1,4
CAATCCCTCTGTGCAG-1,6
CAATCCTGTGAGCACT-1,5
CAATCGCCAGGATGGC-1,2
CAATCTAAGATTCCTT-1,6
CAATCTAAGGCTTAGT-1,4
CAATCTAAGTAACGAG-1,1
CAATGAACAAGGTCGA-1,6
CAATGAACAGGAACCA-1,5
CAATGCCCAAACGGGC-1,5
CAATGCCCACTCGCTC-1,3
CAATGCCCAGGTTACC-1,8
CAATGCCCATCCATCT-1,1
CAATGTCAGATGCCTG-1,4
CAATGTCAGCGAGGTG-1,5
CAATGTCAGGTCCGTA-1,4
CAATGTGGTTAGCATG-1,4
CAATGTGGTTGCGTAA-1,6
CAATGTGGTTTGGCTT-1,6
CACAAGCGTAGCAGCT-1,4
CACAAGCGTATGGTGC-1,4
CACAAGCGTATTTGGG-1,2
CACAAGCGTCTTACTA-1,6
CACAATATCCCGTTGT-1,5
CACAATATCGGGACTC-1,7
CACAATATCTCACTCA-1,1
CACAGGCTCTATGACA-1,2
CACAGGGAGACTCGCA-1,3
CACATAATCCACCTGT-1,6
CACATAATCGCACAAT-1,8
CACATACAGCAAGGTA-1,7
CACATGCCAGGTTTGC-1,1
CACATTAAGTCATTAG-1,6
CACCAACCAAGCCAGA-1,1
CACCAACCAGCCTTGG-1,4
CACCGGTAGACAAACG-1,1
CACCGGTAGCATGCAT-1,7
CACCGGTAGCCGCTTT-1,3
CACCGGTAGCGGGCAA-1,3
CACCTGTTCGACAAAG-1,3
CACCTGTTCTAATCAG-1,1
CACCTGTTCTTGGATA-1,1
CACGCAATCCTAAGTA-1,7
CACGCAATCTGCAACG-1,2
CACTGACCACCAGGTT-1,5
CACTGACCAGCCAGTT-1,8
CACTTAAAGCATCCAG-1,4
CACTTAAAGGCATGAA-1,6
CAGAATCTCCCGAACA-1,1
CAGATTCAGTTCCTCA-1,1
CAGCAAGCAGAGGGAG-1,7
CAGCAAGCATAATCCG-1,6
CAGCATTAGAGAAGGG-1,7
CAGCATTAGGACGTAA-1,3
CAGCATTAGTATTGGC-1,5
CAGCCTAAGTGAACGA-1,6
CAGCTAAGTCTTGCTG-1,6
CAGCTAAGTCTTTATG-1,6
CAGCTATAGCTTATGA-1,2
CAGCTATAGGAGCAAC-1,3
CAGCTATAGTGGCGGA-1,7
CAGCTCAAGACAAACG-1,2
CAGGAAGGTCACCTAT-1,4
CAGGACACAAAGCTCC-1,4
CAGGACACACACCAAC-1,3
CAGGACACAGGCATGA-1,2
CAGGATGCACCGGCTA-1,7
CAGGATGCATCACAGC-1,2
CAGGCTATCGCAATCG-1,4
CAGGGCTTCCAAGTGT-1,7
CAGGTCCAGGCACAGG-1,3
CAGGTGGAGAGGAGGA-1,5
CAGGTGGAGTAATCCA-1,3
CAGTATGGTTTACCGT-1,3
CATAACGGTAAAGCGG-1,2
CATAACGGTAGCTGGT-1,7
CATAGACTCGTTAAGC-1,3
CATAGCTAGCAACAAG-1,3
CATAGCTAGTGCTGTG-1,4
CATAGGTTCGTCATTT-1,2
CATAGTCAGGAACGGT-1,3
CATAGTCAGGCATGAA-1,6
CATATCGCACGTTACA-1,4
CATATCGCATAAGCAA-1,2
CATATCGCATAGCGGA-1,2
CATCAATCAAGGGTTG-1,2
CATCAATCACATTGCA-1,1
CATCACACAAACCTTG-1,8
CATCACACACAACAAA-1,5
CATCACACACCCACAG-1,5
CATCAGCCAGCAACCT-1,1
CATCAGCCATCCAGGT-1,6
CATCATAAGTAGCTTA-1,5
CATCATGCACCACAAC-1,2
CATCATGCAGCAAATA-1,7
CATCCCAGTGGAGCAA-1,1
CATCCTCAGATGGAGC-1,2
CATCCTGGTAGGTTGC-1,8
CATCCTGGTTATAGCG-1,4
CATCCTGGTTTACGTC-1,5
CATCCTGGTTTAGCGA-1,7
CATCGCTTCGCACAAT-1,1
CATGCAAGTATTGTCC-1,5
CATGCAAGTCATTACC-1,1
CATGCATAGACACTTA-1,2
CATGCATAGGACAATG-1,3
CATGCATAGGCGGATG-1,2
CATGCGCAGATGGAGC-1,4
CATGGCGGTAACCAGC-1,7
CATGGCGGTCTTTGAC-1,3
CATGGCGGTTAAGGCC-1,3
CATGGCGGTTACTAGG-1,5
CATGGCGGTTATCGAG-1,8
CATTCATTCAGTGAAG-1,8
CATTCCTCACAAAGAC-1,4
CATTCCTCACAATGCC-1,6
CATTGCGAGGTCATTA-1,7
CATTGTGCAAGATTCT-1,2
CATTGTGCACATAGCC-1,2
CATTGTGCACGGTTTA-1,5
CATTGTGCAGCAATAA-1,3
CATTGTGCAGCACGTT-1,6
CCAAACCCAGCTTAAT-1,7
CCAAACCCATCCAGGT-1,1
CCAAACTAGTGAGGTA-1,1
CCAAACTAGTTTGTCT-1,1
CCAACCAAGGCGCACT-1,8
CCAAGTTAGCAAGGGT-1,1
CCAAGTTAGGGTCCAC-1,7
CCAATATCAAACTAAG-1,5
CCAATATCAACTAGAA-1,7
CCAATATCAGGCATCT-1,2
CCAATATCAGTTATGT-1,2
CCACAATAGTGAGCGG-1,2
CCACACAAGCCTGATG-1,2
CCACACAAGGCAAGTA-1,4
CCACACAAGGTTACAC-1,1
CCACATTGTACGGTAC-1,2
CCACATTGTTAGGTTG-1,2
CCACTTGGTGAGGTGA-1,2
CCACTTGGTGTTGCAA-1,1
CCACTTGGTTACGCGG-1,3
CCACTTGGTTGGTTCT-1,2
CCAGCCTGTACCGGAT-1,3
CCAGCCTGTACCGTAA-1,1
CCAGCCTGTCATCCTG-1,3
CCAGCTAAGCCTGTGA-1,1
CCAGCTAAGGCTTAAC-1,8
CCAGCTAAGGTAAGCA-1,7
CCAGCTAAGTAAAGGT-1,6
CCAGCTGCACCTATAG-1,4
CCAGCTGCACCTGGTG-1,6
CCAGGAACATTGACAT-1,3
CCATAAATCACAGGAA-1,4
CCATAAATCATTTAGG-1,5
CCATAAATCTTGCAAA-1,4
CCATAAGGTAACTACG-1,4
CCATAAGGTATTACCC-1,7
CCATAAGGTCAGGCCA-1,6
CCATAAGGTCCTAATC-1,8
CCATAAGGTTAGCGTA-1,3
CCATAATCAAAGGTAC-1,6
CCATAATCAAGCTAAA-1,1
CCATAATCAATAATGG-1,3
CCATAATCAATATAGG-1,5
CCATAATCACTAAGTT-1,1
CCATCACTCCCATAAA-1,8
CCATCACTCGAAGTAG-1,4
CCATCACTCGTTTCTG-1,7
CCATCATGTCGCAAAC-1,2
CCATCATGTGCCTCAC-1,4
CCATTATTCCAATTAG-1,1
CCATTATTCTCCATAT-1,6
CCATTGTGTACGGGTT-1,3
CCCAAACCAAATTGCT-1,5
CCCAAACCAATATACC-1,7
CCCAAATAGGAACGCG-1,6
CCCAAATAGGGTGAAC-1,4
CCCAAATAGTCACCAG-1,4
CCCAATTGTGCAATAT-1,6
CCCAATTGTTACTTGC-1,3
CCCAGCACAAGACTCC-1,2
CCCAGCACAAGTGAAC-1,3
CCCAGCACATTGCGTA-1,6
CCCAGTTTCATGCAAC-1,7
CCCAGTTTCTCCTCTT-1,1
CCCAGTTTCTGCAACG-1,2
CCCATAACATTGCGTA-1,1
CCCGCAACATCTAGCA-1,2
CCCGCTTCAAACGCGA-1,8
CCCGCTTCAAATATCC-1,3
CCCGTAAAGGTTAGCT-1,3
CCCGTTGTCGTTATCT-1,5
CCCTAATGTTCGGTAA-1,8
CCCTCACCAAGGTACG-1,7
CCCTCACCACTTAGGC-1,2
CCCTGGACAACACTTG-1,1
CCCTGGACAAGTGAAC-1,1
CCCTGTTAGCGTGCGT-1,3
CCCTGTTAGGTCCACA-1,6
CCCTTAATCATCCTCA-1,7
CCCTTAATCGAGGAGT-1,4
CCCTTAATCGCTAGTG-1,4
CCGACAGGTTAAGGCC-1,4
CCGACAGGTTCACCAT-1,2
CCGCAAGGTTAAGCGC-1,7
CCGCAAGGTTGGATAT-1,7
CCGCCAACAAGACTCC-1,6
CCGCCAACATTGTCCT-1,3
CCGCTAAAGCTGAGGG-1,3
CCGCTAGCATTCCTCG-1,4
CCGCTAGCATTGCGTA-1,3
CCGCTTAGTGGTTAGC-1,6
CCGCTTAGTTATAGCG-1,2
CCGGTAGGTAGCTGGT-1,2
CCGTTAACAGCCTGCA-1,2
CCGTTACTCAAGCCTG-1,7
CCGTTACTCCGCCAAA-1,4
CCGTTACTCGCGCTAA-1,5
CCGTTATGTTAAGCTG-1,1
CCGTTATGTTACCGGG-1,6
CCGTTATGTTGCACAA-1,5
CCGTTATGTTGGCGTG-1,2
CCGTTGCGTCCAAATG-1,1
CCGTTGCGTGGATTGC-1,5
CCTAAAGGTATACTGG-1,7
CCTAAAGGTCCCGAAG-1,5
CCTAAATCAACTCGCG-1,8
CCTAAATCAGCAAATA-1,7
CCTAAATCAGTTTACG-1,1
CCTAAGCCAACCTGGT-1,4
CCTAAGCCACCTGCTC-1,8
CCTAAGGTCATAACCA-1,8
CCTAAGGTCCCTCAGT-1,1
CCTAAGTAGCAAGACA-1,5
CCTAATAAGCGGATAA-1,7
CCTAATAAGCTTGCTC-1,1
CCTAATAAGTAAGTCC-1,4
CCTACTGGTGTAACCA-1,1
CCTACTGGTTGAATCG-1,3
CCTACTTCACTGGCCA-1,4
CCTACTTCATTAAAGG-1,1
CCTATAGCAAGATTCT-1,5
CCTATAGCAGCATTAT-1,5
CCTATAGCAGGTTAAA-1,1
CCTATATTCAAGGACA-1,8
CCTATTGTCGCAACAT-1,4
CCTATTTAGCACAGCC-1,2
CCTCAAACAAAGGTAC-1,5
CCTCAAACAGGCTGTT-1,2
CCTCAGTTCACATTGA-1,3
CCTCAGTTCTAGCTTT-1,3
CCTCCTCTCATTAGTG-1,4
CCTCCTCTCCTCAGTC-1,1
CCTCCTCTCGGTTTGG-1,2
CCTGAATAGTAACGGA-1,2
CCTGACTTCTTAATGG-1,5
CCTGGATCACACCAAC-1,8
CCTGGATCAGGATAAC-1,1
CCTGGTAAGCACGATT-1,4
CCTGTATGTGAACAAA-1,5
CCTGTATGTTCCGGGA-1,7
CCTGTTGGTACTAAAC-1,6
CCTGTTGGTTGCTTCG-1,6
CCTTAACGTAGTTGGC-1,5
CCTTAACGTTCATTTG-1,1
CCTTACTCAGATAGAC-1,8
CCTTAGTGTGGATTCA-1,1
CCTTATGTCAAGGACA-1,5
CCTTATGTCGCTCACT-1,2
CCTTCAATCTATCGCC-1,3
CCTTCAATCTCACATT-1,1
CCTTCGGTCTTAGTGA-1,3
CCTTCGGTCTTGCAGG-1,2
CCTTCGTAGAGAAGGG-1,2
CCTTCGTAGGTTAGCT-1,5
CCTTCGTAGTTCCTCA-1,6
CCTTGTTCACCCACCT-1,4
CCTTGTTCAGCAAGAT-1,8
CCTTGTTCATGAATAG-1,7
CCTTTAGTCATGCAAC-1,1
CGAAATGAGCTTAACA-1,3
CGAAATGAGGCCCAGT-1,3
CGAAATGAGTTACTTC-1,2
CGAACCGGTGAGCACT-1,5
CGAACCGGTGCTCACC-1,2
CGAACCGGTTTGCAGA-1,1
CGAAGAATCATAGCCG-1,6
CGAAGAATCGGCCATA-1,6
CGAAGCCTCTGGTCCT-1,7
CGAAGCGAGATGCCTG-1,8
CGAAGGCCACAAAGGT-1,8
CGAAGGCCAGACAAAC-1,2
CGAAGGCCAGGCTTGT-1,1
CGAATATGTGTCCAAA-1,2
CGAATCTAGAGGAGGA-1,4
CGAATCTAGCCTTAAA-1,5
CGAATCTAGGCCATCA-1,1
CGAATCTAGTATGTGC-1,1
CGAATCTAGTTATCCT-1,2
CGACAAGCACCTACTT-1,4
CGACAAGCACGTGCTG-1,7
CGACCTGCATTGTGAT-1,6
CGACTAAGTATCTGGA-1,2
CGACTAAGTTGGCGTG-1,5
CGAGCTGGTGACCTGG-1,6
CGAGCTGGTTCCTGAT-1,3
CGAGCTGGTTGCAATG-1,6
CGAGGAAGTAGGTTGC-1,1
CGAGGAAGTGGATGTC-1,8
CGAGGCAAGGACCAGG-1,4
CGAGGCAAGTTAGGCT-1,1
CGAGTCGGTGCAATAT-1,1
CGAGTCGGTTAGTTGG-1,2
CGAGTCGGTTGGCCGA-1,7
CGATATTCATTGTGCA-1,1
CGATCCTTCAGGTTTA-1,6
CGATCCTTCCCTTGCG-1,2
CGATCCTTCTAATCTC-1,2
CGATGTCCACCGGTAT-1,2
CGATTATCATAGCAGG-1,3
CGATTGAGTTGTTCAC-1,1
CGATTTGCAGAATGAC-1,6
CGCAAATTCATGCTAA-1,6
CGCAAATTCATGCTTT-1,5
CGCAAATTCGTTCACC-1,2
CGCAATCCAACTGGCT-1,6
CGCAATCCATTGTGAT-1,5
CGCAATGTCAGCACCA-1,3
CGCAATTAGGCCTTAG-1,2
CGCAATTAGTCAATCA-1,8
CGCACAATCAGTTCCC-1,6
CGCACACAGACACTTA-1,6
CGCACACAGAGCCGCT-1,4
CGCACACAGTCAATCA-1,1
CGCATGATCGTTATCT-1,8
CGCATGATCTCATCAT-1,4
CGCATTACAACCTAAT-1,4
CGCATTACAGCACGAA-1,3
CGCATTACAGGCTAAG-1,8
CGCATTACATGTCAAT-1,3
CGCCAAATCACGAATC-1,6
CGCCAAATCTTAGCCC-1,7
CGCCACACAACTGGCT-1,2
CGCCACACATGCTTAG-1,4
CGCCTCATCATAACGC-1,4
CGCGGATTCAAACCGT-1,4
CGCGGATTCTTGAGGT-1,7
CGCTAACCAAGGATTA-1,4
CGCTAATAGTTGGCCA-1,5
CGCTACTTCCTAGTTT-1,1
CGCTACTTCTAATCAG-1,4
CGCTATGAGCACTAGT-1,5
CGCTATGAGTCACTAA-1,6
CGCTCAGCAAGTAAGC-1,6
CGCTCAGCACTTCACT-1,2
CGCTCAGCATAATCCG-1,1
CGCTGTGCAGTTTACG-1,8
CGCTTAACACCTGGTG-1,5
CGCTTACTCGTTACAA-1,2
CGCTTACTCTTGCTAT-1,3
CGCTTGCGTTCAAGCA-1,2
CGGAATCGTATTACCC-1,6
CGGAATCGTTGCAATG-1,6
CGGACAACAGCCTAAC-1,4
CGGACAACAGGTTCAC-1,2
CGGACCTAGATGCCTG-1,1
CGGACCTAGCGCTAAT-1,4
CGGACCTAGTATTGTG-1,1
CGGAGCAAGACAAGTG-1,4
CGGAGCAAGGAATAAC-1,5
CGGAGCAAGTAACGGA-1,7
CGGAGCAAGTTAGACC-1,7
CGGAGCAAGTTGGATC-1,7
CGGAGTCTCAGGCTAT-1,2
CGGAGTCTCATAGCCG-1,2
CGGATAAAGCCATCAG-1,1
CGGATTAGTCTAACAG-1,1
CGGATTAGTTAACGGC-1,1
CGGCAATGTTCGCTTG-1,1
CGGCCATAGCAGCTAT-1,3
CGGCCATAGGCTTAAC-1,3
CGGCCATAGGTGCTGC-1,5
CGGCCATAGTATGTGC-1,5
CGGCTAATCGGCCATA-1,7
CGGCTAATCGGGACCT-1,3
CGGCTAATCTTGAGGT-1,4
CGGCTCACAGGAACAT-1,1
CGGGACAAGAGAGGAG-1,8
CGGGACAAGTAGCGCC-1,8
CGGGCTTAGCGATAAG-1,1
CGGGCTTAGGTGCGGA-1,6
CGGGCTTAGGTTAGAG-1,3
CGGGTCTAGAGAAGGG-1,1
CGGGTCTAGTGAGCAA-1,1
CGGTAACGTCACCTAT-1,3
CGGTAACGTGATGATT-1,4
CGGTGAACAAGGTGCA-1,3
CGGTGAACAATCTCTC-1,6
CGGTGAGAGCTGTACG-1,1
CGGTTATAGCATGTCG-1,2
CGGTTATAGTAAGAAC-1,2
CGGTTCCGTCAAAGAA-1,8
CGGTTGGGTTTATTCG-1,4
CGGTTTCTCAAGTGAG-1,5
CGGTTTCTCAGCAAGA-1,7
CGGTTTCTCATGGCCA-1,8
CGGTTTCTCCGCAAGC-1,4
CGGTTTCTCGGTCAGC-1,3
CGGTTTGAGGCATGTT-1,7
CGGTTTGAGGGCTTTG-1,5
CGTAACCCATTGTGAT-1,7
CGTAACTAGAGGAGTC-1,1
CGTAACTAGTTACTTC-1,3
CGTAATGGTAATCGTG-1,2
CGTAATGGTGATGATT-1,6
CGTACGGGTAATCGCA-1,4
CGTACGGGTGATGATT-1,6
CGTACGGGTTCCTCCT-1,5
CGTAGTTAGGCAATAG-1,5
CGTCAATAGGTCGATT-1,6
CGTCATTGTAAGCACC-1,8
CGTCATTGTTCAAGAT-1,3
CGTGAGGAGCGGATAA-1,2
CGTGAGGAGTGTTGCG-1,1
CGTGCACAGCGCATTG-1,8
CGTGCACAGGGTCCAC-1,4
CGTGCACAGGTGCTGC-1,1
CGTGCACAGTCGCAAT-1,3
CGTGCTTTCATTGCGG-1,7
CGTGCTTTCCTGGTCT-1,3
CGTGGTTCACCCACCT-1,3
CGTGTTACAAAGCGGC-1,4
CGTTAACAGCGAGCGA-1,7
CGTTAACAGGGCTTTG-1,4
CGTTAGGTCCCGCATT-1,2
CGTTAGGTCGGTTCCT-1,3
CGTTATTTCAAGTGTC-1,6
CGTTATTTCCTTAAGA-1,5
CGTTGCAAGGTGCGGA-1,6
CGTTGCGCAAACCCTA-1,4
CGTTGCGCACAGACTC-1,3
CGTTGCGCAGGCGAGT-1,7
CGTTTCTCACCCACAG-1,4
CGTTTCTCACGTAAGG-1,2
CGTTTCTCATGAAGTA-1,3
CGTTTGGAGACCATAC-1,4
CGTTTGGAGCAGGTGG-1,3
CGTTTGGAGGTCGATT-1,2
CGTTTGTGTAGCCTAA-1,4
CGTTTGTGTTAAGCCA-1,4
CTAAAGCTCAGCCAAT-1,5
CTAAAGCTCTATGACA-1,4
CTAAATGTCAATTACG-1,4
CTAAATGTCCCTCGCA-1,3
CTAAATGTCTTACTCG-1,3
CTAACCACACCTGCTC-1,8
CTAACCCTCCAATAGC-1,2
CTAACCTGTGCAACTA-1,7
CTAACCTGTGTCCAAA-1,6
CTAAGGTTCACAGGAA-1,1
CTAAGGTTCTAATTGG-1,8
CTAAGTCAGCCGCAGT-1,3
CTAAGTCAGGAGTCGG-1,7
CTAATAGTCATTCATC-1,1
CTAATCCGTGAACAAA-1,2
CTAATCCGTGTCACGG-1,4
CTAATCCGTTTGGGTA-1,1
CTAATCGCAAATTCGT-1,3
CTAATCGCACATAACT-1,4
CTAATCGCACGTAATT-1,6
CTAATCGCATAAAGCA-1,2
CTAATCGCATCTAGCA-1,2
CTAATCGCATGCTCCC-1,3
CTAATCTTCAAGCTAC-1,1
CTAATCTTCACAAGCT-1,2
CTAATCTTCGCTAAGT-1,5
CTAATTGAGCAACATC-1,5
CTAATTGAGGCTAAGA-1,1
CTACAACAGGACAACA-1,1
CTACCGGCAGGTTATT-1,5
CTACCGGCATCCCGCT-1,4
CTACCTCAGCATGACT-1,2
CTACCTCAGTTAGTGC-1,6
CTACGAAGTCATCCTG-1,7
CTACGAAGTTTACCGT-1,5
CTACGAAGTTTGAGCA-1,1
CTACTAAAGTAGAGGC-1,5
CTACTAAAGTCACCTC-1,5
CTACTTAGTCAGGAAG-1,8
CTACTTAGTTTGAGCA-1,6
CTAGATTCAAATGCCC-1,6
CTAGATTCAATAGCAA-1,2
CTAGATTCATAGCGGA-1,2
CTAGATTCATCCATCT-1,1
CTAGCGGGTGAGAAAC-1,3
CTAGCGGGTGTTTCAC-1,5
CTAGCGGGTTCGCGCT-1,2
CTAGCGGGTTTACGTC-1,2
CTAGCTGAGCACAGAA-1,8
CTAGCTGAGTGAGGGT-1,8
CTAGGACGTGACATAT-1,3
CTAGGACGTTAATGCG-1,4
CTAGTAATCATGCTTT-1,2
CTAGTAATCGAAGTGA-1,6
CTAGTAATCGACAAAG-1,7
CTAGTAGGTATTGGAT-1,7
CTAGTCGAGGTCGAGG-1,3
CTAGTGAGTACTGATG-1,6
CTAGTGAGTATGTGGC-1,3
CTAGTTGCACTTAGGC-1,4
CTATAACCACCATATG-1,3
CTATAACCAGTAAGTA-1,3
CTATAACCATAATGAG-1,6
CTATGACAGCGAGTAA-1,8
CTATGACAGTTAGCCG-1,3
CTATGACAGTTCCTGC-1,4
CTATGATCAAATTGCT-1,4
CTATGATCATCCCTCA-1,3
CTATGGCCAAGGATTA-1,5
CTATGGCCACTTAGGC-1,6
CTATGGCCAGGATAAC-1,8
CTATGGCCATGTTGGC-1,1
CTATGTTTCGCACACA-1,4
CTATGTTTCGTAATCA-1,3
CTATTACTCACACAGT-1,7
CTATTACTCACGCATG-1,6
CTATTACTCCATCAGG-1,4
CTATTCAGTCCTTCTC-1,8
CTATTCAGTTCACCAT-1,5
CTATTCAGTTTAACCC-1,1
CTATTGAAGCAGCTAT-1,2
CTATTGAAGCTGAGGG-1,5
CTATTGAAGGCAACAA-1,4
CTCAATAAGAATGACG-1,7
CTCACACTCGGGACCT-1,6
CTCACACTCTCAATTC-1,4
CTCACTCAGCACGTTG-1,4
CTCACTCAGGGATTAG-1,1
CTCACTCAGTAAGTGG-1,4
CTCAGGATCGAGGAAC-1,1
CTCATCATCACATTGA-1,8
CTCATCATCACTAAGC-1,3
CTCATCATCATTAGTG-1,6
CTCATCATCGGCCATA-1,7
CTCATCATCTAAGTGC-1,3
CTCATGACACCTCACC-1,1
CTCATGACAGTAGGAT-1,2
CTCATGACATCAATCG-1,3
CTCATGCTCATTATGG-1,4
CTCATGCTCCCATAGG-1,3
CTCATTAGTGTTGCAA-1,3
CTCATTAGTTCCATTA-1,4
CTCATTGTCCAAACAC-1,1
CTCATTTAGGATCACT-1,1
CTCCAACTCCCTGATC-1,1
CTCCATCAGCACAGCC-1,6
CTCCATCAGTAGCCAT-1,4
CTCCATCAGTAGGATG-1,4
CTCCCTGAGGTGCTGC-1,4
CTCCCTGAGTGAACGA-1,1
CTCCCTGAGTGAGCAA-1,7
CTCCGGACAACAACAA-1,5
CTCCGTCCACCAGCAT-1,1
CTCCGTCCACTGGCTG-1,4
CTCCGTCCAGGCTACT-1,5
CTCCTAATCCTAGTCC-1,6
CTCCTAATCGATTCTT-1,5
CTCCTAATCGATTTGA-1,3
CTCCTAATCTCATCAT-1,7
CTCCTAATCTCCTCAA-1,5
CTCCTAATCTGTGAGT-1,3
CTCCTGAGTGAACAAA-1,7
CTCCTGAGTGCACGCA-1,1
CTCCTGAGTTTCGCCA-1,3
CTCGACAAGACTTACA-1,2
CTCGACAAGTCCTGAG-1,3
CTCGCTCCAAACTAAG-1,4
CTCGCTCCACTTCACT-1,7
CTCGTTATCTTAGGGT-1,5
CTCTAAGCAGCAATAA-1,3
CTCTAAGCAGTAAGTA-1,4
CTCTAAGCATTGTGTG-1,7
CTCTAGCTCATGCATA-1,1
CTCTAGCTCCTCAGCT-1,7
CTCTAGCTCGTTAAGC-1,7
CTCTATGTCATTACTC-1,2
CTCTATGTCCCTGATC-1,5
CTCTCACAGAAAGGAA-1,1
CTCTCACAGCATGTTA-1,7
CTCTCACAGCTGGAAA-1,8
CTCTCACAGTAAGAAC-1,4
CTCTGTTCAATTTAGC-1,3
CTCTTGATCACAGCCA-1,5
CTCTTGATCTACTAAG-1,4
CTCTTGATCTGTTGCC-1,5
CTGAAACTCAAGCTAC-1,1
CTGAAACTCAATGTGC-1,1
CTGAAACTCACACAGT-1,1
CTGAAACTCAGCAAGA-1,1
CTGAATATCCCGCAAA-1,1
CTGAATATCGCTCACT-1,6
CTGAATATCTTTAAGG-1,4
CTGAATATCTTTGACT-1,6
CTGACATAGGTTACAC-1,8
CTGACCAAGCTCAATA-1,2
CTGACCAAGGCGAATA-1,7
CTGACCAAGGCTATGT-1,3
CTGATCACACCTAATG-1,3
CTGATCACAGGACCTT-1,7
CTGATCACATGTCAGC-1,6
CTGCAATAGCACGTTG-1,1
CTGCAATAGCGGATTT-1,5
CTGCAATAGGGACGCA-1,3
CTGCAATAGTAGGATG-1,8
CTGCAATAGTCAGTAC-1,5
CTGCAATAGTTTGCGG-1,4
CTGCTCCCACAAAGAC-1,3
CTGCTCCCAGGCGAGT-1,5
CTGGACCAGCAAGATG-1,6
CTGGATGTCACGTTAA-1,7
CTGGCTAAGCTCGCTT-1,5
CTGGCTTTCATTTAGG-1,7
CTGGCTTTCGTCATTT-1,2
CTGGTAAGTACCGAAC-1,5
CTGGTAAGTGCCGCAA-1,7
CTGGTAAGTTGCTGGG-1,4
CTGGTTACAAGGTCGA-1,2
CTGGTTACATTGTTGG-1,7
CTGGTTTGTCATTGTC-1,3
CTGTAACAGAGCCGCT-1,4
CTGTAACAGCTGTACG-1,4
CTGTAACAGGCTACTG-1,3
CTGTAACAGTGTTGTA-1,7
CTGTATTTCCATAAGC-1,3
CTGTATTTCTTTGACT-1,5
CTGTGTGAGAGGAGGA-1,5
CTGTGTGAGATTCCTT-1,1
CTGTTAAAGCGGGCAA-1,5
CTGTTCATCACCATTT-1,1
CTGTTCATCGCGCTAA-1,1
CTGTTCATCGCTAGAT-1,3
CTGTTGGAGCTTATGA-1,5
CTGTTGGAGGTCATTA-1,2
CTTAACAAGCGAGGTG-1,8
CTTAACAAGGACGTAA-1,6
CTTAAGATCCTAAGGT-1,5
CTTAAGATCTAACTGA-1,4
CTTAAGATCTCAATTC-1,1
CTTAAGGGTCACCTAT-1,8
CTTAAGGGTGTCCTGC-1,3
CTTAATGAGACAAGTG-1,2
CTTAATGAGGTAAGGC-1,5
CTTAATGAGTGAGCGG-1,6
CTTACCGGTCATAAGT-1,4
CTTACCGGTGCTTACT-1,1
CTTACCTCACAACCTA-1,6
CTTACCTCACATACTG-1,4
CTTACCTCATATTGAC-1,6
CTTACTAGTAATGGAA-1,1
CTTACTAGTTTGGCGG-1,2
CTTAGTTTCATTAGCA-1,5
CTTATGTTCATAGACC-1,3
CTTATGTTCGTTAACA-1,1
CTTATGTTCTAATTGG-1,1
CTTATTGGTCCTTAGT-1,8
CTTCAAGCAAGGTATA-1,4
CTTCAAGCAGGCTTCG-1,6
CTTCAATTCACATTGA-1,2
CTTCAATTCCGGGACT-1,1
CTTCAATTCGTCATTT-1,4
CTTCACTCAATCGCAC-1,6
CTTCATCCAATCCCTT-1,3
CTTCATCCATAATCCG-1,3
CTTCGCGTCAAGCTAC-1,1
CTTCGCGTCGTAACGT-1,4
CTTCTAAGTTCCTGAT-1,1
CTTCTAAGTTGGCCGA-1,3
CTTCTAAGTTTCCTCC-1,1
CTTCTCAAGAAACTGG-1,1
CTTCTCAAGGCTGGCT-1,4
CTTCTCAAGTAACAGG-1,1
CTTGAACAGAGGAGTC-1,8
CTTGAACAGGGATGAC-1,3
CTTGAACAGTAGGATG-1,1
CTTGAATCAAGGTAAC-1,7
CTTGAATCAGCACGTT-1,5
CTTGACGAGGTGTTAC-1,1
CTTGACGAGTCATGCG-1,7
CTTGCAACAGCCAGAA-1,1
CTTGCAACATATTGAC-1,1
CTTGCATGTCCAAATG-1,4
CTTGCATGTCCGTAGG-1,1
CTTGCATGTGATCAGC-1,1
CTTGCGCGTTCACTGT-1,3
CTTGTAAAGGAGCAAC-1,4
CTTGTAAAGGAGGACT-1,8
CTTGTAAAGGTGTTAC-1,5
CTTGTCCAGCAGGTTT-1,1
CTTGTTCCAAATTGCT-1,5
CTTGTTCCAGGTCCTG-1,1
CTTGTTCCAGGTTCAC-1,7
CTTGTTCCATAATTGC-1,7
CTTGTTTAGGTAGCTT-1,4
CTTTAGGCAAACGGGC-1,6
CTTTAGGCAATTGACT-1,3
CTTTAGTTCATGGTGT-1,6
CTTTAGTTCCTAAGTA-1,5
CTTTATCAGCTGTACG-1,6
CTTTATGGTACCGTTT-1,4
CTTTCTTGTCCTAAGA-1,3
CTTTCTTGTTCAAGAT-1,7
CTTTGAGCAAGACTCC-1,4
CTTTGAGCAATGCCTA-1,3
CTTTGGGAGCGCATTG-1,2
CTTTGGGAGCGGGCAA-1,5
CTTTGGTGTCCACAAA-1,7
CTTTGGTGTCCTAACT-1,1
CTTTGGTGTGGTTCTT-1,4
CTTTGTCCACATACTG-1,1
GAAACCCGTGCAATGC-1,5
GAAACTGAGAGGAGGA-1,4
GAAACTGAGAGGAGTC-1,8
GAAAGCCAGTCAATCA-1,4
GAAAGGCTCATGCTAA-1,3
GAAAGGCTCCAGGTCA-1,7
GAAAGGCTCCTCCATA-1,4
GAAAGGCTCTCGACCT-1,3
GAACACAAGCGTGCAC-1,1
GAACCAAAGCAAGGAC-1,4
GAACCAAAGCGAAGTA-1,4
GAACCAGCAACCCTCC-1,7
GAACCAGCAGGAACAT-1,5
GAACCGCTCGTAATCA-1,7
GAACCTGTCGTAACGT-1,2
GAACGAATCCAGGGAG-1,4
GAACTTATCGCATTAA-1,3
GAACTTATCGTTTCTG-1,2
GAACTTATCTCGACCT-1,5
GAAGCCTGTGCCTCAC-1,6
GAAGCCTGTTCACTGT-1,2
GAAGCTAAGCGAGCGA-1,4
GAAGCTAAGGACCAGG-1,5
GAAGCTAAGGACCGCT-1,2
GAAGCTAAGTCACCAG-1,2
GAAGGAACAGGCAAGC-1,8
GAAGGAACATTCAGCA-1,4
GAAGGATGTCCTAAGA-1,6
GAAGTAAGTCATGCAA-1,6
GAAGTAAGTTGTGATG-1,1
GAAGTAAGTTTATTCG-1,6
GAAGTAAGTTTCCGGC-1,1
GAAGTATAGGCGCTTA-1,4
GAAGTCAAGACTTACA-1,3
GAAGTCAAGGTTACAC-1,3
GAAGTGATCACCTGTC-1,5
GAAGTGATCCATTACT-1,4
GAATTTGTCCTGCGAA-1,4
GACAATACAATCCTGA-1,1
GACAATACATGTCAGC-1,5
GACACCGGTTCATTTG-1,3
GACACTAGTCCGCTGT-1,6
GACACTAGTTCCTGTG-1,7
GACATAGAGAAAGGAA-1,8
GACATAGAGGAGGGTT-1,8
GACATAGAGTTGTCTT-1,1
GACCGAACAATAACCT-1,1
GACCGAACACTCAACA-1,3
GACCGAACATCACAGC-1,6
GACCTAAGTAATCGCA-1,1
GACCTAAGTGGAAGGC-1,5
GACCTAGTCGCTCCAT-1,2
GACCTAGTCTTAGTCT-1,4
GACCTCAAGCACGTTG-1,1
GACCTCAAGGAACGGT-1,2
GACCTCAAGGGTTATC-1,4
GACCTGATCATAAGCC-1,4
GACCTGCAGCAGGTGG-1,6
GACCTGCAGCCTGTGA-1,1
GACCTTTGTACCCACC-1,7
GACCTTTGTTTCAGGA-1,6
GACGCAACAAATGCCC-1,5
GACGTAAAGGATAAAC-1,2
GACGTAAAGGCATTGT-1,8
GACGTAAAGGCGCTTA-1,5
GACTATTCAAACCTTG-1,3
GACTCACCAACCGCCA-1,8
GACTCACCAAGCTAAA-1,4
GACTCACCACTGACTA-1,7
GACTCACCATAATCCG-1,5
GACTTACAGACAACGA-1,4
GACTTACAGAGAGCCG-1,2
GACTTAGGTGCGCAAT-1,1
GACTTGGTCGAAGCGG-1,1
GACTTGGTCGCATCCT-1,7
GACTTGGTCTTGAGGT-1,8
GAGAAACGTGGTGAGA-1,6
GAGAAACGTTATGTGG-1,3
GAGAGGCGTGAAACAA-1,4
GAGCAAATCATAACGC-1,4
GAGCAAATCATTAGTG-1,7
GAGCAAATCCTAGTCC-1,6
GAGCAAGGTTAAGGCC-1,6
GAGCATGCAGGAACAT-1,3
GAGCATGCAGGCAAGC-1,8
GAGCCACTCACTAATG-1,3
GAGCCTTCAGCAAGTG-1,1
GAGCGAAGTTTGAGCA-1,7
GAGCGATAGATGGAGC-1,4
GAGCGATAGGGATTAG-1,3
GAGCGATAGGTCATTA-1,7
GAGCGGTCACCATATG-1,8
GAGCTAGCAATTTGGT-1,7
GAGCTGCTCCAGCACA-1,1
GAGCTGCTCCAGGTTG-1,3
GAGCTGCTCGTTAACA-1,7
GAGCTTAGTAACCTAG-1,8
GAGCTTAGTTGCTTCG-1,7
GAGGACTAGCTCCTTA-1,3
GAGGCCTTCCTAGTTT-1,3
GAGGCCTTCGAGCTAT-1,3
GAGGCTTGTAGGTTTG-1,2
GAGGCTTGTTAAGTGT-1,8
GAGGCTTGTTGAAGCC-1,8
GAGGTGAGTAGGTGTC-1,2
GAGGTGAGTCACTCGC-1,1
GAGGTGAGTCCGGTTC-1,1
GAGGTGAGTTGGTTGA-1,5
GAGTAACCAGCAACCT-1,7
GAGTAACCAGGAACAT-1,6
GAGTAATAGGCTGTGC-1,2
GAGTAATAGGTGCTGC-1,4
GAGTAATAGTAAGTGG-1,1
GAGTCAAAGGTAGCTT-1,4
GAGTCATTCGGTCATG-1,6
GAGTGAGGTGTGTCCC-1,3
GAGTGTTTCTTAGCCC-1,4
GAGTTACTCAAAGGCA-1,7
GAGTTGCGTACTGATG-1,6
GAGTTGCGTCCGTGAG-1,5
GAGTTGCGTGGTTATG-1,6
GAGTTTGGTTTGTCTA-1,2
GATAACGAGCGGCTGT-1,5
GATAACGAGGAAGCAC-1,2
GATAAGCCAGCTTAAT-1,1
GATAAGCCATGACTAT-1,7
GATAATCGTTAAGTGT-1,6
GATAATCGTTCATCTA-1,2
GATAGACCATCAATCG-1,5
GATAGACCATTATCCC-1,6
GATCAAGAGGAGCAAC-1,2
GATCACTAGCTAAAGG-1,6
GATCAGGCAGGCCTTG-1,4
GATCAGTTCCCGCATT-1,5
GATCAGTTCGACAAAG-1,7
GATCCGTCAACCCTCC-1,4
GATCCGTCAGGCCATT-1,1
GATCGCTCAGCTCAAC-1,1
GATCGCTCAGGCTTCG-1,1
GATCGCTCAGTTTGGC-1,3
GATGACTTCGTCATTT-1,1
GATGAGGGTTAGAGCC-1,4
GATGCAGCACAGGATG-1,7
GATGCAGCACCTCACC-1,2
GATGCATTCAGTGAAG-1,5
GATGCGACAAGACTCC-1,2
GATGCGACATCATGGC-1,1
GATGCGACATTAAGCT-1,6
GATGCTTAGGGATTAG-1,1
GATGCTTAGTCTCACC-1,1
GATGGACAGCGAGTAA-1,5
GATGGACAGGAGCAAC-1,8
GATGGACAGGGACCTC-1,3
GATGGACAGTCACTAA-1,6
GATGGCTGTAGACAAA-1,3
GATGGCTGTTAATCGG-1,4
GATGGCTGTTCAAGCA-1,4
GATTAAGCAATGAAGC-1,1
GATTAAGCAGCTTACA-1,6
GATTAAGCATACTCCT-1,7
GATTACGGTAAGCTTG-1,3
GATTACGGTAGCCTAA-1,2
GATTACGGTGGATGTC-1,7
GATTACTCATGACTAT-1,4
GATTAGCTCATGCGTG-1,1
GATTAGCTCCCTCTAA-1,4
GATTAGTGTAAAGCGG-1,8
GATTAGTGTAACGTGC-1,1
GATTAGTGTACTGAAT-1,2
GATTCAATCATGGTTA-1,4
GATTCATCACAACAAA-1,5
GATTCATCACAAGCCT-1,4
GATTCATCAGAGGCTA-1,8
GATTCATCAGCACGAA-1,4
GATTCATCAGTTTCTC-1,5
GATTCCTGTGGTTATG-1,3
GATTCCTGTGTGCAAC-1,6
GATTCCTGTGTTGTAG-1,3
GATTCCTGTTGTCCAT-1,2
GATTGATGTAGTAAGA-1,3
GATTGCGTCAAACCTA-1,3
GATTGCGTCAAGACTC-1,1
GATTGGCGTTAAGCCA-1,1
GATTGGCGTTACTAGG-1,6
GATTGGTTCAAGCTTA-1,8
GATTGGTTCATGCGTG-1,3
GATTGGTTCTAAGTGC-1,2
GATTGGTTCTGGCATG-1,4
GCAAACAAGCACTAGT-1,2
GCAAACAAGGACAATG-1,4
GCAAACAAGTCCTTCA-1,2
GCAAACAAGTTCCCGT-1,3
GCAAACTTCACTAATG-1,2
GCAAACTTCATGCATA-1,2
GCAAACTTCGCTAAAC-1,8
GCAAACTTCTCCATAT-1,2
GCAAGCCTCATCCTGC-1,1
GCAAGTGCACACCAAC-1,2
GCAATATGTGAGGTGA-1,3
GCAATCTAGAGGATAT-1,7
GCAATGTTCAGTATTG-1,6
GCAATGTTCCTCCTAA-1,1
GCAATGTTCGAGCAAA-1,5
GCACATTAGCTGCACA-1,7
GCACATTAGCTTTGGG-1,1
GCACCTAAGCAGCTCA-1,1
GCACCTAAGGGACCTC-1,7
GCACGAACAACCGCCA-1,2
GCACTAAGTGTTAAAC-1,5
GCACTAAGTTGTTGTC-1,5
GCACTTACACTTAGGC-1,2
GCAGCCAGTAGTCAAT-1,7
GCAGCCAGTTTGCTGT-1,2
GCAGGAAGTGAAGCCT-1,7
GCAGGAAGTGGCTTCC-1,5
GCAGGATAGACAAGTG-1,1
GCAGGATAGGCCTAAT-1,4
GCAGGATAGTACTGGT-1,8
GCAGGCAAGCACGTTG-1,7
GCAGGCAAGGGACTAA-1,1
GCATATATCTTAAGTG-1,1
GCATCCTTCACGCCAA-1,7
GCATGAAAGGAGGGTT-1,3
GCATGAAAGGTGAAGC-1,5
GCATTAGGTTGGTTCT-1,8
GCATTAGGTTGTGATG-1,7
GCATTGCCAACACCTA-1,1
GCATTGCCATAATGTC-1,2
GCATTGCCATCAGTAT-1,5
GCATTGCCATGGTTAT-1,3
GCCAACATCATCCTGC-1,3
GCCAACATCGATAACC-1,4
GCCAATTAGAACAAGT-1,1
GCCAATTAGGAGCATA-1,2
GCCACAATCCGTGACA-1,1
GCCACTAAGCCTTAAA-1,1
GCCACTAAGTTGTCCC-1,5
GCCAGGAAGCCTGGTA-1,5
GCCAGGTTCCTGCGAA-1,4
GCCAGGTTCTCCTCAA-1,4
GCCAGGTTCTCTAGCC-1,7
GCCCAAATCAAGCGCC-1,1
GCCCATAAGGACAATG-1,6
GCCCATAAGGAGTCTT-1,8
GCCCATAAGGCTATGT-1,6
GCCCGTTGTTGTTGGA-1,3
GCCCTCATCAGCAAGA-1,5
GCCCTCATCATAACCA-1,5
GCCCTCATCCTAGTAA-1,6
GCCGTGAGTAACGTGC-1,2
GCCGTGAGTATTACCC-1,3
GCCGTGAGTATTGGTG-1,2
GCCGTGAGTGATGAAA-1,3
GCCGTGAGTGGTGAGA-1,3
GCCTAATAGGAAACTG-1,5
GCCTACTTCCTTAATC-1,3
GCCTACTTCGGTCAGC-1,4
GCCTACTTCTTAGCCC-1,2
GCCTATTGTGTGTGGT-1,1
GCCTCGACAGCAACAG-1,2
GCCTGACAGGTACCGC-1,2
GCCTGACAGTGAGCAA-1,4
GCCTGAGGTTTCAGGA-1,5
GCCTGCTGTCTAACAG-1,7
GCCTGCTGTTAGGACC-1,2
GCCTTAACACCTATAG-1,5
GCCTTAACATGAGCAG-1,8
GCCTTACTCACTTTAC-1,5
GCCTTACTCCCGTTAC-1,2
GCCTTAGAGCGCTAAT-1,2
GCCTTAGAGTTTGAGC-1,5
GCCTTGCGTAAGCTCA-1,1
GCCTTGCGTAATTAGC-1,2
GCCTTGCGTATTGGAT-1,2
GCCTTGCGTCAATACG-1,8
GCCTTGCGTTAGCATG-1,2
GCCTTGCGTTGCGTAA-1,2
GCCTTTATCCTTAGGG-1,2
GCGAAGCCAATAATGG-1,8
GCGAAGCCAGCAACAG-1,3
GCGAAGCCAGGCTTCG-1,8
GCGAAGTAGGTCATTA-1,2
GCGAAGTAGGTGAAGC-1,3
GCGAAGTAGTCAATTG-1,1
GCGAAGTAGTGCTGTG-1,4
GCGAGTGAGTAACAGG-1,4
GCGATATTCACAGACT-1,7
GCGATATTCCAAGTTA-1,2
GCGATATTCTCAATAG-1,3
GCGATTAGTAATCACG-1,8
GCGATTAGTCATCCTG-1,3
GCGATTAGTCTTACTA-1,4
GCGATTAGTGGACATC-1,8
GCGATTAGTGTTTGTC-1,5
GCGATTAGTTCGCTCA-1,6
GCGATTTAGAACCTAC-1,3
GCGATTTAGGCGGATG-1,2
GCGATTTAGGGTTATC-1,1
GCGATTTAGTAGGATG-1,2
GCGATTTAGTGCTGTG-1,3
GCGCAAACACATAACT-1,5
GCGCAAACAGCCTTGG-1,1
GCGCAAACAGTAGGAT-1,7
GCGCAAACATAACGGG-1,6
GCGCCTTGTACGGTAC-1,7
GCGCCTTGTTATCCTA-1,2
GCGCCTTGTTCACCCA-1,4
GCGCTTAAGCTTAGCG-1,8
GCGCTTAAGGGATTAG-1,4
GCGCTTAAGGTACCGC-1,5
GCGCTTGCAAAGCCTC-1,5
GCGGAACCAACAGGTG-1,4
GCGGAACCAACTAACT-1,6
GCGGAACCAGAAATTG-1,8
GCGGATACACAGAAAC-1,4
GCGGGTTTCTATCGCC-1,4
GCGGTTATCCCTCTAA-1,2
GCGGTTATCCTTGCGT-1,5
GCGGTTATCGCAACAT-1,7
GCGGTTATCGTTTCTG-1,3
GCGGTTGGTCACACCC-1,1
GCGGTTGGTGAAGCCT-1,2
GCGTAACGTTAGGATT-1,1
GCGTGCTAGGGCCACT-1,2
GCGTGCTAGTGCACGC-1,3
GCGTTTCTCATCAGTA-1,7
GCTAACCCAAGTAAGC-1,3
GCTAACCCACACCAAC-1,4
GCTAAGAAGCCTGTTC-1,7
GCTAAGAAGGCCAATT-1,5
GCTAAGCGTTCATTTG-1,3
GCTAAGTTCAAGCTTA-1,4
GCTAAGTTCTTGTTCG-1,7
GCTAGCCAGATGGACA-1,5
GCTAGCCAGCCTAATA-1,5
GCTAGCCAGGCGAATA-1,5
GCTAGCCAGTCACCAG-1,1
GCTAGCGGTCGTAATG-1,2
GCTAGCTCACCTGCTC-1,6
GCTAGCTCAGACAAAC-1,8
GCTAGCTCAGGTCCTG-1,2
GCTAGCTCATTTAAGC-1,8
GCTAGTGTCACTAGGT-1,4
GCTATTGCACCTCGCT-1,6
GCTCAACCACATACTG-1,2
GCTCAACCACGGTTTA-1,7
GCTCACAAGACAACAG-1,3
GCTCACAAGCACTAGT-1,3
GCTCACAAGTATTGCA-1,5
GCTCCTTAGTTCCCAC-1,4
GCTCGATCAAGGAATC-1,6
GCTCGATCAGCATGGA-1,6
GCTCGATCATGTTGGC-1,8
GCTCGATCATTGTTGG-1,4
GCTCTGGCAGGACCAA-1,2
GCTCTGTTCCGTGACA-1,8
GCTGACATCATTGTTC-1,5
GCTGACATCCTAATAG-1,3
GCTGACCAGTGAGCAA-1,5
GCTGCAATCACTCAAA-1,7
GCTGCAATCGTAACGT-1,7
GCTGCACAGTAACCAC-1,3
GCTGCATCAAGTAAGC-1,2
GCTGGATGTTGGGTTA-1,8
GCTGGATGTTTAGTCC-1,5
GCTGGTTCAGCTTACA-1,2
GCTGTAAGTCCAAATG-1,2
GCTGTACCAAATGCCC-1,4
GCTGTGATCGATTCTT-1,5
GCTGTGCAGAGGAAGG-1,5
GCTGTGCAGCACAGAA-1,5
GCTGTGCAGGATGATG-1,1
GCTGTGCAGTGAGGTA-1,7
GCTTAAATCTACTAAG-1,5
GCTTACCTCCGGTTGA-1,3
GCTTACCTCCTCCATA-1,7
GCTTATCGTCAAAGGG-1,4
GCTTATCGTCCTTCAG-1,1
GCTTATCGTTTCCGGC-1,5
GCTTCGCGTGGGAACA-1,2
GCTTGACCAAAGCTCC-1,8
GCTTGACCAACCCTCC-1,4
GCTTGACCAATAAGCA-1,2
GCTTGTTGTTATCCGT-1,2
GCTTTACGTCACAAAT-1,6
GCTTTACGTGATCAGC-1,2
GCTTTACGTGTCCTGC-1,6
GCTTTGTGTATTTGGG-1,6
GCTTTGTGTTCGGGAT-1,8
GGAAACTCAAGTCGCT-1,7
GGAAACTCAGGGAGGA-1,3
GGAACAATCAAGCCTG-1,5
GGAACAATCCTAAGGT-1,4
GGAACAATCGCAACAT-1,1
GGAACCACAGCTACGT-1,1
GGAACCACAGTAGGTG-1,1
GGAACCTGTTACGCGG-1,5
GGAACCTGTTGAGGTC-1,5
GGAACGGTCGAGGAAC-1,4
GGAACTAAGGAGGGTT-1,7
GGAACTAAGGCGCTAC-1,3
GGAAGCTAGGCTACAT-1,4
GGAAGTATCGATATTG-1,1
GGAAGTATCTGCAAGT-1,7
GGAATCTTCACCATTT-1,4
GGACATAAGCTTTGGG-1,6
GGACCGAAGAGGAGGA-1,1
GGACCGAAGTGTGATC-1,2
GGACCTCAGGCAAGTA-1,2
GGACGAAGTCACTCGC-1,5
GGACGAAGTGCTGTAA-1,5
GGACGAAGTTTGCGCC-1,4
GGACTAAAGCGAGGTG-1,7
GGACTAAAGGAACCGG-1,8
GGACTAAAGGACTTAC-1,2
GGACTAAAGTAACTCA-1,8
GGAGCAAGTCATCCTG-1,7
GGAGCAAGTCATGCAA-1,1
GGAGCAAGTTGCTTCG-1,3
GGAGCATAGCCACATG-1,7
GGAGCGATCAGCTAAC-1,1
GGAGCGATCCTGCGAA-1,1
GGAGCGATCGTTTCCA-1,8
GGAGGTTAGCATTTCT-1,7
GGAGGTTAGGTCCGTA-1,3
GGAGGTTAGTTACCGG-1,4
GGAGTCTGTTCGCGCT-1,4
GGAGTGAGTATTGGAT-1,5
GGAGTGAGTGGATTGC-1,8
GGATATTGTACTGATG-1,1
GGATGGCCAAGTTATC-1,1
GGATGGCCACAATGCC-1,2
GGATGGCCACCACAAC-1,4
GGATGGCCACCCACCT-1,1
GGATGGCCACTCAACA-1,7
GGATGTAAGTAAGAAC-1,2
GGATTGCGTCATTACC-1,1
GGATTGCGTTGCAGTA-1,1
GGATTTATCAATGACC-1,3
GGATTTATCCTAATAG-1,2
GGCAAATCACGCAACT-1,4
GGCAAATCAGGCCTTG-1,2
GGCAAGCCACACTAAT-1,4
GGCAATCGTAGGATTT-1,7
GGCAATCGTGCAATGC-1,7
GGCAGGATCCTTAATC-1,7
GGCATGGAGACAAGTG-1,3
GGCATGGAGCAAGATG-1,1
GGCATGGAGCCTGGTA-1,7
GGCATGGAGGCTGGCT-1,7
GGCATTGTCACTTCAT-1,1
GGCATTGTCCCGAACA-1,2
GGCATTGTCCTAGTCC-1,3
GGCCATCAGTCTCACC-1,2
GGCCGTTAGTGAACCT-1,6
GGCCGTTAGTTAGGCT-1,3
GGCCTCTGTTGTGACA-1,2
GGCCTCTGTTTATGGG-1,5
GGCCTTAAGACAGGTA-1,7
GGCCTTCGTAAACAAG-1,1
GGCGATACAATCCTAG-1,3
GGCGATACAATGAGGT-1,2
GGCGATACATAGACCC-1,4
GGCGCTAGTTAGACCA-1,4
GGCGCTAGTTGGATCA-1,2
GGCGGTAAGCGATACT-1,3
GGCGGTTTCATAACCA-1,5
GGCTAGACATCGCTCC-1,7
GGCTAGTGTACTGAAT-1,2
GGCTATGTCTGGCTTC-1,8
GGCTATTAGGAAGCTA-1,2
GGCTCACAGCTATGAC-1,8
GGCTGGTTCAAACCGT-1,2
GGCTGGTTCACAGCCA-1,7
GGCTGGTTCCGTGACA-1,3
GGCTGGTTCCTTCGTA-1,2
GGCTGTCAGCAATAGG-1,4
GGCTGTCAGCATTATG-1,1
GGCTTAAGTGGAGCAA-1,1
GGCTTAAGTTGTGACA-1,7
GGCTTCAAGCGATAAG-1,2
GGCTTCAAGCTAATCA-1,7
GGGAATATCCATAATG-1,7
GGGAATATCGCACAAT-1,3
GGGAATATCTCACTAT-1,1
GGGATAATCCTAAATG-1,1
GGGATAATCGAGGAAC-1,1
GGGATTAAGAGGGACT-1,6
GGGATTAAGGCAGGTG-1,3
GGGATTAAGGGACCTC-1,2
GGGATTAAGGTCATTA-1,8
GGGCAATAGCAGGTTT-1,5
GGGCAATAGCTCGCTT-1,5
GGGCAATAGGACCTCA-1,5
GGGCAATAGGCAAGTA-1,7
GGGCAATAGGCTGGCT-1,8
GGGCAATAGGGACGCA-1,6
GGGCAATAGGGACTAA-1,4
GGGCATGAGTCCTTTG-1,6
GGGCATTGTCGACTAA-1,6
GGGCATTGTGTTTCAC-1,8
GGGCCTAGTAGTTAAC-1,5
GGGCGAATCATTACTC-1,2
GGGTCAACAAAGCTAA-1,1
GGGTCAACAAGCTAAA-1,2
GGGTCAACATCCCTCA-1,5
GGGTCACTCATTACGA-1,1
GGGTCACTCCTAAGGT-1,5
GGGTCACTCTAACTGA-1,3
GGGTCACTCTTGACCC-1,4
GGGTGAAGTCATTAGG-1,3
GGGTGTTGTAGCCTCC-1,1
GGGTGTTGTAGTTACG-1,4
GGGTGTTGTCAAGTAT-1,4
GGGTGTTGTTATTGCC-1,6
GGGTTATTCTGGCTTC-1,6
GGGTTTCCACTATGGC-1,3
GGGTTTGTCCAGCACA-1,4
GGTAAACCAAGGCCAA-1,8
GGTAAACCAATAATCC-1,1
GGTAACTTCAATTACG-1,4
GGTAACTTCTGGCTTC-1,5
GGTAAGGGTAACGGGA-1,6
GGTAAGGGTAATTAGC-1,2
GGTAAGGGTATTCGCT-1,7
GGTAAGGGTCTTGCAT-1,8
GGTAAGGGTGAACAAA-1,8
GGTAAGGGTTAGCTGA-1,1
GGTAAGGGTTTCGCCA-1,6
GGTAATTGTCATGCAA-1,8
GGTACAAAGACCATAC-1,1
GGTACAAAGAGAAGGG-1,3
GGTACAAAGTCATTAG-1,6
GGTACCGGTACTTCAC-1,8
GGTACCGGTGTTTGCT-1,2
GGTACCGGTTGTTCAC-1,8
GGTACTTAGCTATGAC-1,3
GGTACTTAGGAATAAC-1,1
GGTAGGAGTAAATTGC-1,2
GGTAGGAGTCGCATAA-1,7
GGTATTGGTCTAGCTT-1,5
GGTATTTCATAAACCT-1,7
GGTCAAGCAGGCTTGT-1,4
GGTCAAGCATAGACTT-1,3
GGTCAAGCATGGAGGC-1,1
GGTCAATTCCGTCCAT-1,8
GGTCAATTCCTCAGCT-1,3
GGTCAATTCGAAGTGA-1,7
GGTCAATTCTTGAGCG-1,4
GGTCCATCAAGTGTTT-1,8
GGTCCATCAGCGCTTG-1,5
GGTCCATCATCCCTCA-1,2
GGTCCGTAGCCTGTGA-1,3
GGTCCGTAGCGAGTAA-1,2
GGTCCGTAGGGTGGAT-1,7
GGTCTTGAGCCGCTAA-1,2
GGTCTTGAGCCTAACG-1,1
GGTCTTGAGTAACCCG-1,4
GGTCTTTGTCGCATAA-1,4
GGTCTTTGTTTAGTCC-1,6
GGTGAGCCAATATAGG-1,1
GGTGAGCCACCTCAGG-1,4
GGTGAGCCAGGAACTG-1,5
GGTGAGTAGCGATACT-1,8
GGTGCTGGTCCTAACT-1,4
GGTGCTGGTTAACAGT-1,1
GGTGTCCAGGCAAGTA-1,4
GGTGTTGTCCCAGTAG-1,3
GGTGTTGTCCTTAAGA-1,6
GGTTAATGTACTTCAC-1,6
GGTTAATGTCCTGATT-1,6
GGTTAATGTTATCCGT-1,7
GGTTAATGTTGCCTCA-1,7
GGTTACCCAATATAGG-1,7
GGTTATATCATTACTC-1,1
GGTTATGGTAGGATCC-1,1
GGTTATGGTGTTAGCA-1,6
GGTTATGGTTTGTGGA-1,8
GGTTCCCGTTAGCGTA-1,1
GGTTCTTGTGATGGCT-1,1
GGTTGACGTAGGTGTC-1,5
GGTTGACGTCATAACG-1,8
GGTTGACGTCTTACTA-1,6
GGTTGAGCATAAGCAA-1,7
GGTTGCATCTTTGAGA-1,5
GGTTGCGGTCATTACC-1,1
GGTTGCGGTCCTGATT-1,8
GGTTGCGGTGAGAAAC-1,2
GGTTGCGGTTGCCTCA-1,8
GGTTGCTCAAAGCGGC-1,2
GGTTGCTCACCGGCTA-1,8
GGTTGCTCATTAGGTT-1,5
GGTTGGTGTTAGACCA-1,7
GGTTTAATCTGCAAGT-1,5
GGTTTCCTCCTTGAGG-1,4
GGTTTCTGTGCTAGCG-1,7
GGTTTGTAGCTTGCTC-1,6
GTAAAGCCACCTCACC-1,3
GTAAAGCCAGCAATAA-1,1
GTAAGCAAGGTAGCTT-1,1
GTAAGCTTCACAGGAA-1,6
GTAAGCTTCAGTATTG-1,2
GTAAGCTTCGGTTCCT-1,1
GTAATAGCACATGCTA-1,7
GTACAATGTTAGGTTG-1,6
GTACACCCAAGGTATA-1,5
GTACACCCAGCTTACA-1,6
GTACACCCAGGAATCG-1,7
GTACCGGGTGATTACG-1,3
GTACCGGGTTAACGGC-1,2
GTACCGGGTTTCCACG-1,3
GTACCTTGTATTGGTG-1,7
GTACCTTGTTGCATCT-1,7
GTACGTAGTAGCCTAA-1,2
GTACGTAGTTAAATGC-1,8
GTACTGGTCACGTTAA-1,4
GTACTTCGTTGCTGGG-1,1
GTAGCCATCCTAACGG-1,4
GTAGCGCTCAAACCTA-1,3
GTAGCGCTCTGTGCCT-1,8
GTAGCTGTCACCGGTA-1,4
GTAGCTGTCATCCTAT-1,1
GTAGCTGTCGCGACAC-1,1
GTAGCTGTCGTGCCTT-1,1
GTAGCTGTCTTTGAGA-1,2
GTAGGAGGTCAAAGGG-1,4
GTAGGAGGTTCCTCCT-1,5
GTAGGATCAACTAGCC-1,1
GTAGGATCAGGTTCAC-1,5
GTAGGATCAGTACCGT-1,8
GTAGGTGCAACCCTAA-1,3
GTAGGTGCAAGGTGGC-1,4
GTAGGTGCAGGACCAA-1,2
GTAGTTATCCTTGTTG-1,6
GTAGTTATCGAGCAAA-1,8
GTATGTTCATCCCGCT-1,1
GTATTCAAGGACCAGG-1,2
GTATTGTCAATCTCTC-1,6
GTCAATATCAAGTGAG-1,4
GTCAGGCTCGCTAGAT-1,8
GTCATCACAACATAAG-1,3
GTCATCACACCTAATG-1,6
GTCATGCCAATACTGT-1,5
GTCATGCCAGCCTGCA-1,2
GTCATGCCAGGATAAC-1,3
GTCATGCCATTATGGT-1,5
GTCATTAAGCCAAATC-1,3
GTCATTAAGCGAGGTG-1,4
GTCCAAGTCATCCTAT-1,6
GTCCAAGTCTCCATGC-1,2
GTCCAGGGTTAGGCTA-1,6
GTCCATTGTACTAAAC-1,2
GTCCATTGTGGATGTC-1,7
GTCCTCAGTAACGAGG-1,3
GTCCTCCCATCACAGC-1,6
GTCCTCCCATTCCTCG-1,7
GTCGAAGCAAGCCAGA-1,3
GTCGAAGCACCTATAG-1,7
GTCGAAGCATGCATAT-1,5
GTCGCAATCCTGATTT-1,2
GTCGGTTCAATGCCCG-1,6
GTCGGTTCAGGTCCTG-1,3
GTCTAATCAGGCCATT-1,7
GTCTAGCCAGTCTATG-1,1
GTCTATCGTCCGGTTC-1,5
GTCTATCGTGATTACG-1,2
GTCTATGCAATAGTCT-1,8
GTCTATGCACAGACTC-1,2
GTCTATGCACTGACCG-1,6
GTCTATGCAGTAGGAT-1,5
GTCTATGCATCATGTG-1,2
GTCTCACTCAGGATGA-1,6
GTCTCACTCCCGTTGT-1,3
GTCTTGCTCAGCATTA-1,1
GTCTTTAGTGCTAGCG-1,8
GTCTTTAGTTGGTTGA-1,1
GTGAACAAGCATGCAT-1,6
GTGAACAAGTGGCGGA-1,3
GTGAATCTCACCTGTC-1,5
GTGAATCTCCATCAGG-1,7
GTGAATCTCCTTGAGG-1,6
GTGAGCGAGGCAACAA-1,8
GTGATCAGTGCAATAT-1,5
GTGATCAGTTAGAGCC-1,6
GTGATGAAGCAGGTTT-1,2
GTGATGAAGCCAAATC-1,2
GTGATGAAGGGATTAG-1,5
GTGATGAAGGTTAGAG-1,8
GTGCAAGCACCTCAGG-1,6
GTGCACGGTCACCAAA-1,5
GTGCATTAGAGAGGCT-1,4
GTGCGCAGTCCCGAAG-1,4
GTGCTCAAGCGGCTGT-1,5
GTGCTCCGTAACCAGC-1,4
GTGCTCCGTAATCGGC-1,4
GTGCTCCGTCAAGTGC-1,2
GTGCTCCGTTATTGCC-1,7
GTGCTGATCGGTTTCC-1,3
GTGCTGATCTAATCCT-1,7
GTGCTGGGTCGCAATA-1,7
GTGCTGGGTGCTCACC-1,5
GTGCTTACAAATATCC-1,5
GTGCTTACAGCCTTGG-1,4
GTGGACACAACAGCCT-1,3
GTGGACACAACTGGGA-1,1
GTGGACACACAGGGAC-1,7
GTGGACACAGGGAGGA-1,4
GTGGATGCATTTGCTC-1,1
GTGGCTTCAGTCTAGC-1,1
GTGGTTAGTAGCTGGT-1,3
GTGGTTAGTGTTAAAC-1,2
GTGTAACTCCGTTAAA-1,4
GTGTAACTCCTGCGAA-1,7
GTGTAACTCTAAGGAG-1,7
GTGTCCAAGAGGAAGG-1,4
GTGTCCAAGCCTCTGT-1,4
GTGTCCAAGCTAATCA-1,8
GTGTCCAAGGTCCTGA-1,5
GTGTCCAAGTTAGTGC-1,2
GTGTGAGCAATCGCAC-1,1
GTGTGAGCAGCAAGTG-1,8
GTGTGAGCAGGATTAA-1,3
GTGTGTTAGCTTCTCA-1,8
GTGTTACAGCTGTCAG-1,7
GTGTTACAGGGACGCA-1,2
GTGTTCCTCCACCTTA-1,7
GTGTTCCTCGGTCATG-1,6
GTTAAACGTGCTGGTG-1,3
GTTAAACGTTCCTCCT-1,5
GTTAACCAGTCATTTC-1,1
GTTAACCAGTTTGCGG-1,2
GTTAACGGTCTTTGAC-1,2
GTTAACGGTGCATTTC-1,7
GTTAACGGTGTTTGTC-1,4
GTTAACGGTTAAGCGC-1,2
GTTAACGGTTATGTGG-1,3
GTTAAGCTCTAACTGA-1,4
GTTAAGTGTAAGCACC-1,6
GTTAAGTGTTCAAGCA-1,1
GTTAAGTGTTGCCTCA-1,6
GTTACCTGTTAGCAGC-1,4
GTTACCTGTTTACGTC-1,8
GTTACGCCACAGAAAC-1,7
GTTACGCCATTCCTGT-1,2
GTTACGTAGAGAAGGG-1,1
GTTACGTAGCGGATAA-1,5
GTTACTAAGCACGATT-1,6
GTTAGACTCAAGTGTC-1,5
GTTAGACTCAGCTAAC-1,1
GTTAGACTCCACCTGT-1,1
GTTAGGCGTAATCGTG-1,1
GTTCACCTCCGCAACA-1,8
GTTCACCTCCTCACTA-1,6
GTTCCCAGTCAATGTG-1,6
GTTCGCGCACATAGCC-1,8
GTTCGCTTCCAAGTTA-1,7
GTTCGCTTCCCTGGAA-1,3
GTTCGCTTCGATATTG-1,5
GTTCTCATCCACCTTA-1,4
GTTCTCATCGAGCTAT-1,5
GTTCTCATCGTTATCT-1,4
GTTCTCATCTAGCGTG-1,5
GTTCTTAGTTAGTACG-1,3
GTTCTTAGTTCTTTAG-1,4
GTTCTTGTCAACCAAC-1,7
GTTCTTGTCATGCAAC-1,7
GTTCTTGTCATGCGTG-1,8
GTTGCATAGGCGCATC-1,1
GTTGCATAGGCTTAGT-1,5
GTTGCTGAGGGTGAAC-1,1
GTTGCTGAGGTAACGA-1,1
GTTGGCGGTACTTCAC-1,3
GTTGGCGGTTCGCGCT-1,1
GTTGGCGGTTTGACCT-1,8
GTTGGCGGTTTGTGGA-1,6
GTTGTGAGTGATGAAA-1,6
GTTGTTGCAACATAAG-1,1
GTTGTTGCAGGAAGCC-1,4
GTTGTTGCATGTGGGA-1,3
GTTTACCGTCATTAGG-1,8
GTTTAGCAGCCTGTGA-1,6
GTTTAGCAGTTAACCA-1,5
GTTTATCTCATGGTGT-1,2
GTTTATCTCTAAGTGC-1,4
GTTTCCTCAAGCCAGA-1,2
GTTTCCTCAGGAACTG-1,5
GTTTCTAGTGTTGTAG-1,3
GTTTGCTGTCATCATC-1,8
GTTTGTAAGCATGCAT-1,5
GTTTGTAAGGACAACA-1,8
GTTTGTAAGGATCCGC-1,5
GTTTGTCGTTAGGACC-1,2
GTTTGTCGTTCAAGAT-1,3
GTTTGTTTCCGTTATT-1,1
GTTTGTTTCGCAATCG-1,6
TAAACAGCAAGATTCT-1,3
TAAACAGCACAAACTT-1,3
TAAAGCCTCCTTAGTT-1,2
TAAAGCCTCTTGCAGG-1,3
TAACCAGGTCACAGAC-1,4
TAACCAGGTTTAGTCC-1,7
TAACCGGTCGACCTGA-1,5
TAACCTAAGACTAAGG-1,3
TAAGCCAGTAAAGCAA-1,1
TAAGCCAGTAAGCACC-1,1
TAAGCTATCATTCATC-1,3
TAAGCTGGTCATGAGC-1,2
TAAGCTGGTCGTTATC-1,6
TAAGCTGGTGCAATGC-1,1
TAAGGCTTCCTGATTT-1,2
TAAGGCTTCGCTATAA-1,6
TAAGTAGCAAACCTTG-1,3
TAAGTAGCAACCGCCA-1,2
TAAGTGCTCCCGTTTA-1,2
TAATCACCAGGATAAC-1,6
TAATCCGCAATTAGGA-1,1
TAATCCGCAGAATGAC-1,3
TAATGGACACAATGTT-1,7
TAATGGACACTATGGC-1,5
TAATTGCCAAGGTACG-1,5
TAATTGCCATTGTCCT-1,6
TACAACATCACTAGGT-1,1
TACAACATCCGCATGA-1,1
TACAAGCTCAATCTCT-1,6
TACAATGTCAGGGCCT-1,6
TACAATGTCTAACCTT-1,1
TACAGCTAGGAACGGT-1,8
TACAGCTAGTACTGGT-1,5
TACAGGTTCAAAGGCA-1,1
TACAGGTTCCCATAGG-1,1
TACAGGTTCTGCAACG-1,6
TACATCAAGAGAGGCT-1,2
TACATCAAGCAAGATG-1,8
TACATCAAGCATGTCG-1,1
TACCAAATCAAGCCTG-1,6
TACCAAATCTCAATAG-1,1
TACCAAATCTCACACC-1,3
TACCAAATCTGTTGCC-1,2
TACCCGGCACAACAGG-1,2
TACCGCAAGGGTGAGT-1,2
TACCGCAAGTGAAGTG-1,7
TACCGTTGTCATTGAG-1,1
TACCTCATCAGCACCA-1,5
TACCTCATCATTGACA-1,2
TACCTCATCCTAATGA-1,7
TACCTCATCTTGCAAA-1,5
TACCTCATCTTGTTCG-1,4
TACCTGCTCCCTCAAC-1,8
TACCTGCTCTCGCCCA-1,7
TACCTTAGTACAAAGA-1,5
TACCTTAGTGATTTGG-1,6
TACCTTAGTGTTGTGA-1,1
TACCTTTAGGAATAAC-1,4
TACCTTTAGGCGCACT-1,2
TACCTTTAGTAACAGG-1,7
TACGCACCAAACTCAT-1,5
TACGCACCAAATATCC-1,8
TACGCACCAACAGCCT-1,1
TACGCACCAATAGCAA-1,4
TACGCACCATTGTGTG-1,3
TACGGATTCAGGAACA-1,2
TACGGTTAGCTCAATA-1,2
TACGGTTAGGCTAATC-1,1
TACGTACAGACAAGTG-1,6
TACGTACAGGAACGCG-1,3
TACGTTAAGCTTTGGG-1,2
TACTAAGTCGCATCCT-1,1
TACTCAAAGGGCCATC-1,7
TACTCAAAGGTCCGTA-1,5
TACTCGCTCACCATTT-1,3
TACTGACAGAAAGGAA-1,2
TACTGACAGGCAATAG-1,7
TACTGAGGTCACTCGC-1,5
TACTGAGGTTAGGTTG-1,7
TACTGAGGTTTATCGC-1,2
TACTGCACATAAGGAC-1,4
TACTGGCCACTTACAG-1,8
TACTGGCCATAGACTT-1,5
TACTTCGTCACGTTAA-1,4
TACTTGTTCAGCACCA-1,4
TACTTGTTCGCATCCT-1,2
TACTTGTTCTGTTCAT-1,2
TACTTGTTCTTGTCCA-1,3
TAGACCAGTAGCCTCC-1,1
TAGAGCCGTTGCCTCA-1,8
TAGAGCCGTTGTCCAT-1,7
TAGCATATCAATTGGC-1,8
TAGCATATCATTCATC-1,2
TAGCATATCTCCATGC-1,5
TAGCCGGGTTACATCC-1,8
TAGCCGGGTTATGTGG-1,4
TAGCCTGAGTATTGGC-1,1
TAGCCTGAGTTCCTCA-1,8
TAGCCTTGTGGTGAGA-1,6
TAGCCTTGTGTGCACG-1,7
TAGCCTTGTTAGTACG-1,3
TAGCGCGGTGAGCGAA-1,2
TAGCGCGGTTTGCGAA-1,1
TAGCGGACAACACCTA-1,3
TAGCGGACACTTAGGC-1,8
TAGCGGCTCACAAGCT-1,2
TAGCTAATCGCTAAAC-1,7
TAGCTAGGTATTCGTC-1,7
TAGCTAGGTATTTGGG-1,6
TAGCTAGGTCATCCTG-1,6
TAGCTAGGTTCACTGT-1,5
TAGCTTAAGCTTAACA-1,1
TAGCTTGCACAGGAAT-1,7
TAGCTTGCATCATGTG-1,2
TAGCTTGCATGTCGCG-1,4
TAGGAACCAACAACAA-1,7
TAGGAACCAATAGCAA-1,2
TAGGAGGGTAAAGCGG-1,4
TAGGAGGGTCCTAATC-1,2
TAGGAGTCAAAGCTAA-1,1
TAGGAGTCACTAGGTC-1,5
TAGGCTAGTCACGAAC-1,6
TAGGCTAGTTTACGTC-1,4
TAGGCTGTCACAGCCA-1,2
TAGGCTGTCGAGGAGT-1,7
TAGGCTTAGTGCACGC-1,6
TAGGGTTTCACAGCCA-1,4
TAGGGTTTCTCGACCT-1,6
TAGGTGCGTTTGCGAA-1,6
TAGGTTATCATTAGGC-1,2
TAGTAACGTGTTAGCA-1,2
TAGTAAGCATTAAACC-1,6
TAGTAGGAGCGAGGTG-1,7
TAGTCAATCGGCCATA-1,6
TAGTGGCGTCATAAGT-1,8
TAGTTGTCACTGGCTG-1,3
TAGTTGTCATAGGCGA-1,3
TAGTTGTCATCCATCT-1,4
TAGTTTGAGTTACTTC-1,5
TATAACCCAAACTAAG-1,3
TATAACCCAAGGTCCT-1,6
TATAACCCACCTCGCT-1,5
TATAGCCAGCGGTTAT-1,8
TATAGCCAGGTTAGAG-1,4
TATAGCTCAGCAAGTG-1,2
TATATCCTCACTAGGT-1,1
TATATCCTCCGGCTAA-1,4
TATCACAAGCGCAATT-1,6
TATCACAAGGTATTGC-1,5
TATCCGGAGGCTACAT-1,4
TATCGCACAAGGTGCA-1,7
TATCGCACAATATACC-1,7
TATCGCACACCATATG-1,3
TATCGCACACTTCATC-1,7
TATCGCGAGACAACGA-1,2
TATCGCGAGGCACAGG-1,2
TATGAAGCATAATGAG-1,3
TATGACATCTCGCCTG-1,4
TATGACTCACGAATTT-1,5
TATGACTCATAAGTCT-1,2
TATGCATCACCTACGG-1,1
TATGCATCACTTCATC-1,4
TATGCATCAGCATGAG-1,6
TATGCATCATCCCTCA-1,7
TATGGATGTGAAACAA-1,3
TATGGCCCAGTAGGAT-1,3
TATGGCCCATCTAGCA-1,2
TATGGGCGTTAGGCTA-1,1
TATGGGCGTTGACTTC-1,5
TATGGTCAGCGAAGTA-1,2
TATGTGATCATCCACC-1,4
TATGTGATCCAGGGAG-1,2
TATTACCTCAGCATTA-1,2
TATTAGCCAATGCGCT-1,8
TATTAGCCAATTGAAG-1,3
TATTAGCCATTGGGAG-1,5
TATTCGTTCAATCTCT-1,2
TATTCGTTCCCGCATT-1,3
TATTCGTTCCTGATTT-1,7
TATTCGTTCTAACCTT-1,1
TATTGACCACACCAAC-1,5
TATTGACCACTAAGCC-1,1
TATTGACCAGCATGTC-1,5
TATTTGGAGACAAACG-1,8
TCAACAATCGGGATTT-1,7
TCAAGAACAAGGGTTG-1,1
TCAAGAACAAGGTATA-1,5
TCAAGAACATGAAATG-1,4
TCAAGGAAGTTAGACC-1,8
TCAAGGTTCTTGCTAT-1,8
TCAAGTATCCCTTGCG-1,1
TCAAGTATCGACAAAG-1,4
TCAATCGCATTAGGCC-1,1
TCACATAAGTGGCGGA-1,2
TCACATAAGTTATCCT-1,5
TCACCGGCAGCAAGGC-1,3
TCACCGGCAGTCTATG-1,6
TCACCTGGTACTGATG-1,7
TCACGGATCCTGAGTG-1,3
TCACGGATCGCTAAGT-1,5
TCACGGATCGCTCACT-1,4
TCACGGATCTGGTCCT-1,7
TCACTGACACAACAGG-1,7
TCAGCAAGTCCTTCTC-1,4
TCAGCAAGTTCCGGGA-1,6
TCAGCAAGTTTGTTGC-1,1
TCAGCCTTCGCTATGG-1,1
TCAGCGATCCGTTAAA-1,8
TCAGGAGCAAACTAAG-1,7
TCAGGTCCAGCCAGAA-1,4
TCAGGTCCAGTTTCTC-1,1
TCAGGTTAGACAGGCG-1,1
TCAGGTTAGCGAGCGA-1,8
TCAGGTTAGGATTGCT-1,3
TCAGGTTAGTATGTGC-1,2
TCAGTAGGTAGCTGGT-1,2
TCAGTAGGTATACTGG-1,1
TCAGTAGGTCTAGCTT-1,2
TCAGTAGGTTACTAGG-1,4
TCAGTAGGTTAGACCA-1,1
TCAGTGAGTCATTGTC-1,1
TCAGTGAGTGAAGCCT-1,4
TCAGTGAGTGGATTCA-1,2
TCAGTGAGTGTGCACG-1,1
TCATAACCAAGCTACC-1,4
TCATAACCACTGGCTG-1,3
TCATAACCATAACGGG-1,1
TCATACTTCAAACCGT-1,2
TCATACTTCCAGGAAA-1,3
TCATCCATCAGTTCCC-1,1
TCATGAGGTGGATTCA-1,8
TCATGAGGTGTTGTGA-1,4
TCATGAGGTTGGTTGA-1,6
TCATGCCTCCCATAGG-1,5
TCATGCCTCTTAGCCC-1,1
TCATGTTTCTAGCTAA-1,4
TCATTACTCCTAGTTT-1,6
TCATTACTCGATTCTT-1,7
TCATTACTCGTTACAA-1,1
TCATTGCGTGAATCGC-1,3
TCATTGTTCCTGCGAA-1,5
TCATTTGGTTGGATCA-1,1
TCCACAACATTGCGTA-1,4
TCCAGCAAGCCGCTAA-1,5
TCCAGGATCCTAAATG-1,6
TCCAGGATCCTTGAGG-1,3
TCCAGGATCGATTTAG-1,3
TCCAGGATCTACCTGC-1,1
TCCAGGTCATAATCAC-1,1
TCCATCATCGTGCTTC-1,3
TCCATGCTCAGCATTA-1,7
TCCATGCTCCAAATCA-1,4
TCCATGCTCGTTCACC-1,8
TCCATGCTCTGCAAGT-1,3
TCCATTGTCACGCCAA-1,7
TCCATTGTCCTGGTCT-1,3
TCCCGGACAAGGAATC-1,4
TCCCGTTAGCTCCTAC-1,4
TCCCTCACAACTAGGG-1,3
TCCCTCACAGCCAGAA-1,3
TCCCTCACATGCTATG-1,2
TCCCTGGTCAACCAAC-1,7
TCCGGAATCATGCTAA-1,4
TCCGGAATCGGCCAGT-1,4
TCCGGAATCTTAATGG-1,1
TCCGGTAAGCCGCTTT-1,2
TCCGGTTTCTATGACA-1,8
TCCTCACAGAGAGGAG-1,7
TCCTCACAGGAACCGG-1,6
TCCTCACAGGATCCGC-1,5
TCCTCACAGGCGCATC-1,1
TCCTCTAAGCGAGCGA-1,2
TCCTCTAAGGAACCGG-1,2
TCCTCTAAGGCGAAAC-1,1
TCCTGGTTCTGTGCAG-1,2
TCCTGGTTCTGTTGCC-1,8
TCCTTAGTCCGCAACA-1,6
TCCTTCAAGCGCATTG-1,3
TCCTTGCAGGTGCGGA-1,4
TCCTTGCAGTCAATTG-1,8
TCGACAAGTTGAAGCC-1,8
TCGATTAAGTTATCCT-1,3
TCGCATTGTCACAGAC-1,6
TCGCATTGTGAGCGAA-1,8
TCGCATTGTGCTGGTG-1,4
TCGCATTGTTGAGCCG-1,7
TCGCCCATCTGTTCAT-1,6
TCGCGAGGTTGGCCGA-1,6
TCGCGCACACAGACTC-1,3
TCGCGCACAGGTTATT-1,7
TCGCTAACAAGCTAAA-1,5
TCGCTAACACGGTTTA-1,4
TCGGTAAGTCAGGCCA-1,2
TCGGTAAGTCTTTGAC-1,3
TCGGTAAGTTTACGTC-1,2
TCGGTTCTCAACAAGG-1,5
TCGGTTCTCCCGCAAA-1,1
TCGGTTTGTTGAGGTC-1,1
TCGGTTTGTTTGAGGC-1,2
TCGTAATCAGGCTGTT-1,4
TCGTCAACAATTAGGA-1,3
TCGTCAACAGGATGGC-1,4
TCGTGCTTCCTCACTA-1,1
TCGTTAAAGTATTGGC-1,5
TCGTTACGTCAATAGT-1,7
TCGTTACGTCTTTATG-1,8
TCGTTACGTTGTCATC-1,2
TCGTTAGCAATTTGGT-1,6
TCGTTAGCACATTGCA-1,7
TCGTTATTCATTTGCT-1,2
TCGTTATTCGCCTAAG-1,1
TCGTTTCCAACACTTG-1,3
TCTAACCGTCGCGCAA-1,6
TCTAACTTCGGCTAGC-1,4
TCTAAGGGTAATCACG-1,2
TCTAATCTCCCTGGAA-1,5
TCTACCTCAGTGAACG-1,1
TCTACTAGTAATTAGC-1,1
TCTACTAGTGATCATG-1,5
TCTACTAGTTCCGCAC-1,6
TCTACTAGTTTACCGT-1,4
TCTAGCACAAAGCCTC-1,1
TCTAGCACAAATGCCC-1,3
TCTAGCACATAAACCT-1,4
TCTAGCCTCTCCTCAA-1,1
TCTAGCGAGAAAGGAA-1,3
TCTATGTTCACTCGCT-1,1
TCTATGTTCCGTCCAT-1,6
TCTCAAGCAACTAGAA-1,1
TCTCAAGCAGAGGCTA-1,6
TCTCAAGCATAGGCGA-1,5
TCTCAATTCACGCGGT-1,1
TCTCAATTCCGCCTCA-1,6
TCTCACCAGTCCTGAG-1,1
TCTCCTCGTCATCCTG-1,2
TCTCCTCGTTGAAGCC-1,7
TCTCGCCCAAACTGCC-1,5
TCTGGCTTCCCAGTAG-1,7
TCTGGCTTCGTGCTTC-1,6
TCTGTGACAAGCTAAA-1,1
TCTGTGACAGTAAAGC-1,5
TCTTAGCGTCTTTGAC-1,6
TCTTAGCGTTGCCTCA-1,3
TCTTCAAGTTGTTGTC-1,6
TCTTCAAGTTTGTGGA-1,8
TCTTGACGTAAGTCGC-1,3
TCTTTGTAGCTCCTTA-1,5
TCTTTGTAGGAATAAC-1,8
TGAAACTGTACGGTAC-1,6
TGAAACTGTCATCATC-1,1
TGAACAACAATAATGG-1,2
TGAACAACAATCCTAG-1,4
TGAACAACAGCTAATT-1,1
TGAACAACATGTTGCA-1,2
TGAACAGAGGACCAGG-1,4
TGAACAGAGGCCTTAG-1,7
TGAACAGAGTAACGGA-1,3
TGAAGCAAGCAAACCT-1,2
TGAAGCAAGCCAGTAT-1,8
TGAAGCAAGCGCAATT-1,2
TGAAGCAAGCTCATAA-1,2
TGAAGTGAGCACGATT-1,5
TGAAGTGAGGAACCGG-1,4
TGAAGTGAGGAGTCGG-1,1
TGAAGTGAGGCCTAAT-1,1
TGACCAAGTAGCTGGT-1,4
TGACCAAGTTGGTGAC-1,2
TGACTCCTCCACCTTA-1,8
TGACTTAAGACCATAC-1,1
TGACTTCGTAGTAAGA-1,1
TGACTTCGTTGGATCA-1,1
TGAGAACCACCGTTCC-1,1
TGAGCCGGTCCGTGAG-1,6
TGAGCCGGTGCTCCGT-1,7
TGAGCCGGTGTTAAAC-1,2
TGAGGAGGTAATTAGC-1,5
TGAGGAGGTCATGCCC-1,1
TGAGGAGGTGCGCAAT-1,8
TGAGGCACATTATGCG-1,1
TGAGGGAGTCCTAAGA-1,3
TGAGGGAGTGTCCAAA-1,5
TGAGGGAGTGTGCAAC-1,8
TGAGGGCCACTGACCG-1,6
TGAGGTGCACAACAGG-1,6
TGAGGTGCATTCAGCA-1,7
TGAGTGAAGACACTTA-1,4
TGAGTGAAGCATTTCT-1,4
TGAGTTTCAGTTTCTC-1,1
TGATCAATCTTAGGGT-1,7
TGATCACAGTGAACAG-1,7
TGATCCTGTACGCGCA-1,1
TGATCGAGTAACCACA-1,2
TGATCGAGTCGAAGTC-1,6
TGATCGAGTTCCTCCT-1,1
TGATGAACAACTAGCC-1,6
TGATGAACATTGCGTA-1,4
TGATGACTCGTGCTAG-1,5
TGATGATGTGACATAT-1,3
TGATGATGTTTACTTG-1,3
TGATTAGTCAGGAACA-1,3
TGATTAGTCCAGGGAG-1,6
TGATTCAAGGAACGCG-1,7
TGATTCAAGGAAGCTA-1,5
TGATTGCAGTGACCTG-1,8
TGATTGCAGTTGGGCC-1,5
TGCAAGCGTCGTTATC-1,6
TGCAATATCGGCCATA-1,5
TGCACACCACAACCTA-1,2
TGCACACCAGCAACAG-1,4
TGCACTTGTACGATTG-1,1
TGCAGGCTCAAACACC-1,6
TGCATGAGTGTGTCCC-1,4
TGCATTAAGGAAACTG-1,3
TGCATTAAGGCATTAC-1,8
TGCATTAAGTCATTTC-1,5
TGCCATTGTTTCCACG-1,3
TGCCGGTAGCGATAAG-1,4
TGCCGGTAGGCTTAGT-1,5
TGCCGGTAGTTATGTG-1,8
TGCGCAGGTGGCTTCC-1,2
TGCGCAGGTGTAATAC-1,1
TGCGCGAGTGCTGGTG-1,6
TGCGGTTCAGAGGGAG-1,4
TGCGGTTCAGATTCAT-1,6
TGCTAACAGACACTTA-1,2
TGCTAACAGCGGATAA-1,8
TGCTATGCAACTGGGA-1,5
TGCTATGCATTGCGTA-1,4
TGCTCAACAAACTAAG-1,7
TGCTCAACATTGTGAT-1,1
TGCTCCGTCTCAATGA-1,5
TGCTCTCAGCCGCTAA-1,1
TGCTCTCAGTCAATCA-1,1
TGCTGGATCCGTCCAT-1,2
TGCTTAAAGGCTACTG-1,1
TGCTTAAAGTTATGGC-1,2
TGCTTCATCATAACGC-1,5
TGCTTCATCCAGCACA-1,1
TGCTTCCAGTAGAGGC-1,5
TGCTTGCTCCCGCAAA-1,6
TGCTTGCTCGGGCCAT-1,8
TGCTTGCTCTACCTGC-1,6
TGCTTGTGTACAATGT-1,8
TGCTTGTGTTTACGTC-1,8
TGCTTTAGTTTACCGT-1,3
TGGACAAAGGAAGCTA-1,3
TGGACAAAGTAGAGGC-1,8
TGGACAAAGTGGACAA-1,3
TGGACCGGTAGCTGCG-1,5
TGGACCGGTCTTTATG-1,2
TGGACCGGTTGTTGGA-1,3
TGGACGGAGTACTGGT-1,3
TGGACTAGTGTGAGAG-1,8
TGGCCAATCAGCATTA-1,6
TGGCCATCAATGCGCT-1,1
TGGCCTGCAGTTAGCC-1,6
TGGCTAAGTTAATCGG-1,3
TGGCTATAGGCGAAAC-1,3
TGGCTATAGTGCTGTG-1,7
TGGCTTTGTTTGGTTC-1,4
TGGGCATGTGGACCTG-1,2
TGGGCATGTTTGGCTT-1,7
TGGTCAAGTACCGTAA-1,7
TGGTCAGTCAAACACC-1,2
TGGTCAGTCCTTCTAG-1,3
TGGTCAGTCGCTATGG-1,1
TGGTCATAGTATTGCA-1,8
TGGTCCTTCAGCTAAC-1,2
TGGTCCTTCATGCTCC-1,6
TGGTGATTCGCTAAGT-1,5
TGGTGCATCCCGTTGT-1,7
TGGTTCCTCATTGTTC-1,5
TGGTTCCTCCTCATCA-1,4
TGGTTGAGTAGGATCC-1,6
TGGTTGAGTTGGTTCT-1,7
TGTAAAGCAACAGCCT-1,1
TGTAAAGCACAGACTC-1,1
TGTAAAGCAGGCAAGC-1,4
TGTAACTCACTCGCTC-1,8
TGTAACTCATGAGCAG-1,2
TGTAAGCTCCAGGTTG-1,1
TGTAAGCTCCCTCAAC-1,7
TGTAAGTGTTCCTGTG-1,7
TGTAAGTGTTGGTTCT-1,3
TGTATCGCAGTTTACG-1,1
TGTATCGCATTAAGCT-1,6
TGTCAATCAAGGAATC-1,8
TGTCATAAGCGCATTG-1,2
TGTCCTGGTAATAACC-1,3
TGTCCTGGTTTCCACG-1,8
TGTGAAACAGTATGTT-1,5
TGTGATCAGATAACCC-1,1
TGTGATCAGCTTTGTT-1,4
TGTGATCAGTGAGAGC-1,8
TGTGCACCAGTTAGCC-1,2
TGTGCGCAGCATCCAG-1,5
TGTGCGCAGCCGCAGT-1,1
TGTGCGCAGCCTCTCG-1,3
TGTGCGCAGCGAGGTG-1,5
TGTGCGCAGGATTGAG-1,3
TGTGCGGGTGAACAAA-1,7
TGTGCTGAGCCTGTTC-1,5
TGTGCTGAGCGAAGTA-1,7
TGTGGAGCAATGCCCG-1,2
TGTGGAGCAGGTTATT-1,1
TGTGGCCAGCGAGTAA-1,3
TGTGGCCAGCGGATTT-1,5
TGTGGCCAGCTCAAAC-1,5
TGTGGCGGTAATGGAA-1,6
TGTGGCGGTGCAACTA-1,4
TGTGGCTCAAACGGGC-1,6
TGTGGCTCAAATTCGT-1,1
TGTGGCTCAACTAGAA-1,8
TGTGGCTCACCGGTAT-1,3
TGTGGCTCAGGTCCTG-1,2
TGTGTTAAGTTAGTTG-1,8
TGTTACTTCATTGCAA-1,6
TGTTACTTCGGTCATG-1,3
TGTTAGCAGGCCCAGT-1,5
TGTTAGCAGTAACCAC-1,2
TGTTATGAGTTATTCC-1,5
TGTTCATTCATTAGTG-1,7
TGTTCCTCAGCAAGTG-1,2
TGTTCCTCATAAGGAC-1,5
TGTTGCACAGAGAGCC-1,1
TGTTGGCCACAGAACG-1,1
TGTTGTAAGCTAGAAG-1,1
TGTTGTGCAATGAAGC-1,2
TGTTGTGCAGTCTAAT-1,3
TGTTGTGCATGCTATG-1,6
TGTTGTTTCACTAATG-1,1
TGTTGTTTCCTAAGTA-1,2
TGTTTGTTCTTGATGA-1,5
TTAACCAAGAGGGACT-1,7
TTAACTGAGCCTAACG-1,3
TTAAGGACATTATGCG-1,1
TTAAGGTGTTAACGGC-1,6
TTAATCGAGGGATGCG-1,1
TTACACCGTAACGAGG-1,3
TTACACCGTATTGGTG-1,7
TTACAGCAGGTCCAAT-1,1
TTACCGTGTACAATGT-1,1
TTACCTGTCATAAGCC-1,1
TTACGTTTCATGCGTG-1,6
TTACGTTTCATGCTAA-1,5
TTAGAAGCAGATAGAC-1,4
TTAGAAGCAGTTTCTC-1,8
TTAGAAGCATGTTGTG-1,1
TTAGACTCAAGGACCA-1,1
TTAGACTCAATGCGCT-1,6
TTAGCAATCCGGAACC-1,5
TTAGCAATCCTCGATC-1,4
TTAGCAATCGGTTTGG-1,5
TTAGCAATCTTTAAGG-1,1
TTAGCCTGTCCTGATT-1,3
TTAGGAACAAACTCAT-1,6
TTAGGAACAAGTCGCT-1,7
TTAGGAACAATCCTAG-1,1
TTAGGAACACATGCTA-1,5
TTAGGAACAGGAACCA-1,3
TTAGGATGTCAAAGGG-1,7
TTAGGATGTCGTAAAT-1,8
TTAGGATGTTACTAGG-1,3
TTAGGATGTTTATTCG-1,5
TTAGGCCCATAATGAG-1,5
TTAGGCGTCATTGTTC-1,8
TTAGGCTAGGTATTGC-1,1
TTAGTCAAGAAGCTAG-1,3
TTATCCGTCCCTCATA-1,6
TTATCCGTCTTAAGTG-1,3
TTATCCTAGGAGGACT-1,3
TTATCCTAGGGCCACT-1,4
TTATCCTAGGTAAGCA-1,5
TTATGACCAGTTAAAG-1,4
TTATTGCTCAAGGACA-1,8
TTATTGCTCGTTAGTA-1,5
TTATTGCTCTTGGACG-1,5
TTCAACCGTCAAAGGG-1,8
TTCAACCGTGCGCGTA-1,7
TTCAACCGTGCTTAGA-1,5
TTCAGGTAGCCGCAGT-1,5
TTCAGTTTCATTTGCT-1,3
TTCAGTTTCGCTCCAT-1,2
TTCATTCAGCTGTAAC-1,1
TTCATTCAGCTTACTT-1,4
TTCATTCAGTACTGGT-1,7
TTCCACGGTGATCAGC-1,4
TTCCACGGTTCCTGTG-1,7
TTCCCACAGCTTCCCG-1,8
TTCCCGCCAATCCTAG-1,4
TTCCCGCCAATGCGCT-1,1
TTCCTTGAGGATTGAG-1,4
TTCGGTACACACAATT-1,1
TTCGGTACACCTGCCT-1,4
TTCGTGCTCGGGACTC-1,3
TTCGTTAGTCATTAGG-1,6
TTCTTAGGTAAGCTTG-1,6
TTCTTAGGTAGCCATA-1,2
TTCTTAGGTATTGGTG-1,8
TTCTTAGGTTAAGCGC-1,5
TTGACATCATCATGTG-1,4
TTGACGTAGGATTGCT-1,3
TTGACGTAGGGTTATC-1,5
TTGACTAAGCATGGTT-1,6
TTGACTAAGTCACCAG-1,1
TTGATGTCATCAGTAT-1,2
TTGCAAGGTTGAGCCG-1,5
TTGCAAGGTTTACCGT-1,4
TTGCAATCAACACTTG-1,1
TTGCACACACAACAGG-1,8
TTGCAGCCAGGCAAGC-1,3
TTGCATTTCCCGTTGT-1,3
TTGCATTTCCTAACGG-1,7
TTGCGAGTCTTGCAGG-1,2
TTGCGTCTCCAATAGC-1,2
TTGCTCTCAATAACGA-1,3
TTGCTCTCACAATGCC-1,6
TTGCTCTCAGGACACA-1,2
TTGCTTAGTCACAGCG-1,4
TTGCTTAGTCATGCCC-1,7
TTGCTTTAGACAACAG-1,2
TTGCTTTAGATTGAGG-1,3
TTGCTTTAGTTAGAGG-1,1
TTGGAGGCAACAGGAT-1,4
TTGGAGGCAAGGGTTG-1,2
TTGGAGGCATTAAGCT-1,7
TTGGATATCATTACAG-1,7
TTGGATCAGCAGGTTT-1,8
TTGGCGGGTCCAAGAC-1,4
TTGGCGGGTTAGTTGG-1,5
TTGGCTGAGCAGCTCA-1,2
TTGGCTGAGCTAAAGG-1,5
TTGGCTGAGGCAAGTA-1,4
TTGGCTTGTATTGGTG-1,2
TTGGCTTGTTAGTTGG-1,3
TTGGGCCAGTGAGCGG-1,8
TTGGGCGGTAACTACG-1,4
TTGGGTTAGAAGCTAG-1,7
TTGGGTTAGCTGAGGG-1,4
TTGGGTTAGTCATTTC-1,1
TTGGTGAGTACCTTAC-1,3
TTGGTGAGTCAAGTAT-1,2
TTGTAAGTCTTAGGAC-1,4
TTGTCAAAGCTGTACG-1,3
TTGTCAAAGGGCTAAA-1,5
TTGTCAAAGTAAGGGC-1,8
TTGTCCATCACAGGAA-1,5
TTGTCCATCCCTCAAC-1,6
TTGTCCATCTACCTCA-1,3
TTGTCCATCTAGCTTT-1,3
TTGTCCGGTCCACAAA-1,5
TTGTCCGGTTAGGCTA-1,6
TTGTCCGGTTCGCTTG-1,1
TTGTGAGGTAACGTGC-1,8
TTGTGAGGTAAGCTTG-1,2
TTGTGAGGTCCAAGAC-1,8
TTGTGAGGTGAATCGC-1,6
TTGTGCCTCAGGAAGC-1,3
TTGTGCCTCCTGCGAA-1,2
TTGTGCCTCCTTGAGG-1,2
TTGTGCGAGGCTAGAA-1,3
TTGTGTGCAAATTCGT-1,4
TTGTGTGCAGTCTATG-1,7
TTGTTCCCATAATCCG-1,8
TTGTTGCGTAGTTAAC-1,1
TTGTTGTTCATGGTGT-1,4
TTGTTGTTCCCGCAAA-1,1
TTGTTGTTCCCTGACT-1,5
TTTAACCTCAATGAGG-1,5
TTTAACCTCACTTTAC-1,2
TTTAACCTCATTACGA-1,7
TTTAACCTCCAAACAC-1,2
TTTAACCTCTTGAGGT-1,3
TTTAACGAGCTCAAAC-1,2
TTTAACGAGGCTTAGT-1,1
TTTAACGAGTGACCTG-1,2
TTTAAGGTCGTGCCTT-1,6
TTTACGAAGCAAGGTA-1,3
TTTACGCGTAGTTACG-1,1
TTTACGCGTATCTGGA-1,3
TTTACGCGTGCTTAGA-1,7
TTTACGCGTTAAGCTG-1,5
TTTAGCAAGGATGATG-1,2
TTTAGCTTCGGGACTC-1,5
TTTAGGATCTTGGACG-1,5
TTTATGGAGCCAGTAT-1,8
TTTATGGAGGACCGCT-1,5
TTTCACCCAGTTTGTG-1,4
TTTCATCAGTTACCGG-1,1
TTTCCACCAAGCTACC-1,2
TTTCCGGGTGATGAGG-1,6
TTTCGTCCAAGCTTTG-1,1
TTTCTCACATACTCCT-1,3
TTTCTCACATTATGAC-1,3
TTTCTTGCACGTGCTG-1,2
TTTCTTGCATGTTTGG-1,5
TTTGACCGTTAGCGTA-1,7
TTTGACTTCACGTTAA-1,2
TTTGACTTCCGCACAA-1,5
TTTGAGTCAACAACAA-1,1
TTTGAGTCAACGTGCT-1,2
TTTGCATTCTCACTAT-1,6
TTTGCGACATTGTGAT-1,4
TTTGCGGAGCAAGATG-1,2
TTTGGCTGTTAGTACG-1,3
TTTGGTAAGCTGTAAC-1,4
TTTGGTAAGGCGCTTA-1,5
TTTGGTAAGTCAGGCC-1,5
TTTGGTGCATAATGTC-1,2
TTTGGTGCATGAGCAG-1,5
TTTGTCCCAGCTTAGC-1,2
TTTGTCCCATAATCGT-1,4
TTTGTCTAGCATGTTA-1,1
TTTGTCTAGGAGGACT-1,7
TTTGTCTAGTCTATGA-1,1
TTTGTGGCAGCACGAA-1,2
TTTGTGGCATCGCTCC-1,6
TTTGTGTTCACTTCAT-1,5
TTTGTGTTCATGCGTG-1,7
